ticker,name,sector,date,drop_magnitude,close_price,volume_ratio,prior_volatility_20d,dist_from_52w_low,market_also_dropped,forward_return_5d
JSWSTEEL.NS,JSW Steel,Metals,2022-01-06,-2.959,644.21,1.4761,1.655,85.5089,True,2.0625
ULTRACEMCO.NS,UltraTech Cement,Cement,2022-01-06,-2.6242,7292.49,1.7183,1.4324,41.66,True,1.9876
SHRIRAMFIN.NS,Shriram Finance,Finance,2022-01-06,-2.6804,225.01,0.8611,2.678,15.074,True,2.561
WIPRO.NS,Wipro,IT,2022-01-10,-2.5299,320.36,1.4985,1.5932,73.5268,False,-6.7556
TATASTEEL.NS,Tata Steel,Metals,2022-01-11,-3.3189,99.48,1.9919,2.0279,92.2701,False,5.7155
JSWSTEEL.NS,JSW Steel,Metals,2022-01-11,-3.928,617.21,2.0954,1.8428,77.7329,False,5.343
WIPRO.NS,Wipro,IT,2022-01-13,-6.0172,300.15,2.7969,2.0909,62.5798,False,-5.3174
ASIANPAINT.NS,Asian Paints,Consumer,2022-01-14,-2.6575,3240.07,1.8144,1.318,48.6496,False,-2.6617
AXISBANK.NS,Axis Bank,Banking,2022-01-14,-2.5651,718.7,2.0585,1.4576,14.175,False,-1.2748
HCLTECH.NS,HCL Technologies,IT,2022-01-17,-5.8667,1042.17,2.4653,2.1998,42.8559,False,-9.8821
BAJAJ-AUTO.NS,Bajaj Auto,Auto,2022-01-18,-2.5446,3076.92,2.0778,1.3063,9.5244,True,2.0039
TATASTEEL.NS,Tata Steel,Metals,2022-01-18,-2.838,105.16,1.058,2.1549,103.2594,True,-7.1766
JSWSTEEL.NS,JSW Steel,Metals,2022-01-18,-2.7452,650.19,0.9512,2.1393,87.2293,True,-7.2111
ULTRACEMCO.NS,UltraTech Cement,Cement,2022-01-18,-3.9923,7387.68,1.6983,1.6604,42.527,True,-6.0555
GRASIM.NS,Grasim Industries,Cement,2022-01-18,-3.4633,1809.88,0.7691,2.0794,86.4905,True,-7.0698
EICHERMOT.NS,Eicher Motors,Auto,2022-01-18,-3.7988,2624.99,1.781,1.9133,18.8144,True,-1.6172
SHRIRAMFIN.NS,Shriram Finance,Finance,2022-01-18,-2.8369,222.71,1.4666,1.7841,9.7747,True,-3.09
MARUTI.NS,Maruti Suzuki,Auto,2022-01-18,-4.2387,7634.55,1.629,1.5727,23.3898,True,8.6852
APOLLOHOSP.NS,Apollo Hospitals,Healthcare,2022-01-18,-6.0254,4559.01,5.2765,1.7193,86.2946,True,-2.8121
BEL.NS,Bharat Electronics,Defence,2022-01-18,-3.7644,65.42,1.1448,1.9817,75.7905,True,-1.9919
HCLTECH.NS,HCL Technologies,IT,2022-01-18,-3.0983,1009.88,1.5802,2.1768,38.4298,True,-7.0999
TATACONSUM.NS,Tata Consumer Products,FMCG,2022-01-18,-4.3981,701.78,1.4009,1.7396,31.4107,True,-3.2401
ASIANPAINT.NS,Asian Paints,Consumer,2022-01-19,-2.7655,3159.17,1.6558,1.4604,44.9382,False,-4.9826
INFY.NS,Infosys,IT,2022-01-19,-2.7958,1676.06,1.0755,1.3361,53.6599,False,-10.0935
HINDUNILVR.NS,Hindustan Unilever,FMCG,2022-01-19,-2.5153,2152.72,1.7433,1.081,9.7963,False,-0.6299
DIVISLAB.NS,Divi's Laboratories,Pharma,2022-01-20,-3.3861,4217.24,1.9481,1.4158,32.8332,True,-8.9855
BAJAJ-AUTO.NS,Bajaj Auto,Auto,2022-01-20,-3.7259,2993.5,2.3731,1.5978,6.5551,True,5.6955
BAJAJFINSV.NS,Bajaj Finserv,Finance,2022-01-20,-4.5269,1722.44,2.0728,1.9132,106.6303,True,-11.937
TATASTEEL.NS,Tata Steel,Metals,2022-01-21,-3.0662,102.95,1.2175,2.2414,98.981,False,-7.1941
BHARTIARTL.NS,Bharti Airtel,Telecom,2022-01-21,-2.8166,679.51,1.0689,1.4631,39.4984,False,4.8975
COALINDIA.NS,Coal India,Energy,2022-01-21,-3.817,113.76,1.2254,2.1587,41.6499,False,0.6614
INDUSINDBK.NS,IndusInd Bank,Banking,2022-01-21,-2.6334,828.87,0.833,1.5456,6.9414,False,2.1075
BAJAJFINSV.NS,Bajaj Finserv,Finance,2022-01-21,-5.3523,1630.25,1.9928,2.2678,95.5708,False,-3.9525
BPCL.NS,Bharat Petroleum,Energy,2022-01-21,-2.8877,155.86,1.1655,1.2312,21.079,False,4.0215
BEL.NS,Bharat Electronics,Defence,2022-01-21,-2.543,64.98,0.9987,1.9139,74.6092,False,1.3289
DIVISLAB.NS,Divi's Laboratories,Pharma,2022-01-21,-3.4725,4070.79,2.5643,1.5958,28.2206,False,-3.4287
JSWSTEEL.NS,JSW Steel,Metals,2022-01-24,-6.6717,594.36,1.7933,2.6759,71.1543,True,5.2268
LT.NS,Larsen & Toubro,Capital Goods,2022-01-24,-2.8706,1805.67,1.2094,1.5226,46.6218,True,4.7687
DRREDDY.NS,Dr. Reddy's Laboratories,Pharma,2022-01-24,-2.9314,849.75,1.3765,1.1548,4.0745,True,-1.2579
BAJAJFINSV.NS,Bajaj Finserv,Finance,2022-01-24,-3.8448,1567.57,1.6216,2.4337,80.1147,True,1.2523
ASIANPAINT.NS,Asian Paints,Consumer,2022-01-24,-3.6551,3038.55,1.4449,1.6906,39.4043,True,1.3026
KOTAKBANK.NS,Kotak Mahindra Bank,Banking,2022-01-24,-3.3188,364.84,1.1873,1.6512,11.5834,True,2.8074
BAJFINANCE.NS,Bajaj Finance,Finance,2022-01-24,-5.9942,680.11,1.7716,2.1899,54.9904,True,1.1952
HCLTECH.NS,HCL Technologies,IT,2022-01-24,-3.6859,939.18,1.19,2.1878,28.7388,True,0.7023
TITAN.NS,Titan Company,Consumer,2022-01-24,-4.9483,2371.92,1.0234,1.8897,71.7025,True,1.1964
TATASTEEL.NS,Tata Steel,Metals,2022-01-24,-6.0272,96.75,1.3607,2.6431,86.9881,True,6.2
ULTRACEMCO.NS,UltraTech Cement,Cement,2022-01-24,-2.7407,6996.68,0.9008,1.8061,34.9837,True,5.0342
WIPRO.NS,Wipro,IT,2022-01-24,-5.3384,265.01,1.3976,1.967,43.5462,True,0.6809
ADANIPORTS.NS,Adani Ports,Infrastructure,2022-01-24,-2.9631,686.66,1.1223,1.6234,38.7819,True,5.1676
INFY.NS,Infosys,IT,2022-01-24,-2.7384,1559.14,1.214,1.5504,42.9402,True,2.0296
ADANIENT.NS,Adani Enterprises,Conglomerate,2022-01-24,-6.1558,1712.74,1.2955,2.2374,238.8738,True,1.8126
RELIANCE.NS,Reliance Industries,Energy,2022-01-24,-4.0337,1081.97,1.6578,1.568,29.5469,True,0.0337
TRENT.NS,Trent Limited,Retail,2022-01-24,-5.0683,1116.73,1.4888,2.1284,80.6261,True,-5.486
BRITANNIA.NS,Britannia Industries,FMCG,2022-01-24,-2.6103,3318.46,1.1714,1.1098,7.933,True,3.7672
GRASIM.NS,Grasim Industries,Cement,2022-01-24,-5.6582,1652.03,0.877,2.5395,69.4113,True,4.7702
TATACONSUM.NS,Tata Consumer Products,FMCG,2022-01-24,-4.831,663.4,1.243,2.0494,24.2244,True,6.4574
SHRIRAMFIN.NS,Shriram Finance,Finance,2022-01-24,-3.6629,213.59,1.8812,1.6464,5.2794,True,10.8825
BEL.NS,Bharat Electronics,Defence,2022-01-24,-4.6629,61.95,1.0934,2.1587,66.4673,True,5.1191
APOLLOHOSP.NS,Apollo Hospitals,Healthcare,2022-01-24,-4.1243,4442.8,0.8122,2.0313,75.7304,True,0.309
HINDALCO.NS,Hindalco Industries,Metals,2022-01-24,-5.5852,464.88,1.4999,2.2311,112.8632,True,6.8144
DIVISLAB.NS,Divi's Laboratories,Pharma,2022-01-24,-2.9382,3951.18,2.7131,1.6853,24.4532,True,1.2757
TRENT.NS,Trent Limited,Retail,2022-01-25,-3.797,1074.33,1.2661,2.2874,73.7678,False,1.6862
TITAN.NS,Titan Company,Consumer,2022-01-27,-2.7961,2280.13,1.574,1.9414,65.0575,False,7.1384
TCS.NS,Tata Consultancy Services,IT,2022-01-27,-3.2003,3199.21,1.7976,1.5072,27.4445,False,4.8051
DIVISLAB.NS,Divi's Laboratories,Pharma,2022-01-27,-2.7005,3837.47,1.6282,1.5835,20.8714,False,8.1881
WIPRO.NS,Wipro,IT,2022-01-27,-3.19,252.06,1.4851,1.9703,36.5287,False,6.1496
APOLLOHOSP.NS,Apollo Hospitals,Healthcare,2022-01-27,-4.319,4239.44,1.3017,2.0746,67.6864,False,8.167
INFY.NS,Infosys,IT,2022-01-27,-2.5288,1506.89,1.7143,1.5787,38.1502,False,3.5714
ADANIENT.NS,Adani Enterprises,Conglomerate,2022-01-27,-3.1814,1683.0,1.7984,2.3214,232.9883,False,3.9057
DRREDDY.NS,Dr. Reddy's Laboratories,Pharma,2022-01-27,-3.3274,828.72,1.7731,1.2358,1.4991,False,2.7794
TRENT.NS,Trent Limited,Retail,2022-01-27,-5.2254,1018.19,2.1414,2.5922,64.6878,False,5.8996
HCLTECH.NS,HCL Technologies,IT,2022-01-27,-4.0892,899.81,1.565,2.2614,23.3427,False,7.3301
MARUTI.NS,Maruti Suzuki,Auto,2022-01-28,-3.0527,8247.81,1.2165,2.3187,33.3014,False,-0.0047
INDUSINDBK.NS,IndusInd Bank,Banking,2022-01-31,-3.4807,846.34,2.3098,1.8895,9.1952,False,6.9889
BPCL.NS,Bharat Petroleum,Energy,2022-02-01,-4.5838,154.69,2.4214,1.8975,20.175,False,-0.3827
INFY.NS,Infosys,IT,2022-02-03,-2.7167,1560.71,0.5453,1.8471,43.0842,True,1.786
GRASIM.NS,Grasim Industries,Cement,2022-02-03,-2.5533,1693.06,0.4673,2.5353,65.125,True,2.069
SBILIFE.NS,SBI Life Insurance,Insurance,2022-02-03,-2.8604,1174.24,1.0224,1.3402,39.9875,True,-3.2864
TITAN.NS,Titan Company,Consumer,2022-02-07,-2.5069,2377.99,0.7166,1.9229,72.142,True,-0.4649
KOTAKBANK.NS,Kotak Mahindra Bank,Banking,2022-02-07,-2.9588,364.35,0.8255,1.7676,11.4341,True,-4.4628
BRITANNIA.NS,Britannia Industries,FMCG,2022-02-07,-3.1836,3247.59,1.1172,1.4937,5.6282,True,-1.4673
BAJAJFINSV.NS,Bajaj Finserv,Finance,2022-02-07,-3.0508,1567.99,1.102,2.5001,73.5034,True,-0.2368
BAJAJ-AUTO.NS,Bajaj Auto,Auto,2022-02-07,-2.5061,3144.82,0.5334,1.846,11.9413,True,0.3438
TATACONSUM.NS,Tata Consumer Products,FMCG,2022-02-07,-3.952,676.21,0.6298,2.2556,23.2005,True,-1.4898
WIPRO.NS,Wipro,IT,2022-02-07,-2.5798,257.72,0.64,2.3139,39.5989,True,-2.7469
BAJFINANCE.NS,Bajaj Finance,Finance,2022-02-07,-3.1823,679.99,0.776,2.0421,54.9647,True,-2.0871
HEROMOTOCO.NS,Hero MotoCorp,Auto,2022-02-07,-2.7078,2257.72,0.9237,2.0839,12.8078,True,0.017
HDFCBANK.NS,HDFC Bank,Banking,2022-02-07,-3.6647,698.31,0.76,1.4135,7.8603,True,0.378
LT.NS,Larsen & Toubro,Capital Goods,2022-02-07,-3.2573,1791.03,1.0449,1.97,45.4333,True,-4.537
HDFCLIFE.NS,HDFC Life Insurance,Insurance,2022-02-07,-3.3795,595.91,1.4109,1.5111,0.0,True,-7.6171
APOLLOHOSP.NS,Apollo Hospitals,Healthcare,2022-02-07,-4.5383,4420.09,0.5822,2.6915,65.5317,True,0.2503
ONGC.NS,Oil & Natural Gas Corp,Energy,2022-02-08,-2.9925,128.69,0.7237,1.9596,91.5903,False,-1.6772
GRASIM.NS,Grasim Industries,Cement,2022-02-11,-3.3021,1671.03,1.2586,2.3566,43.2758,True,0.7368
INFY.NS,Infosys,IT,2022-02-11,-2.7266,1545.27,1.1848,1.8896,40.0578,True,-0.8365
MARUTI.NS,Maruti Suzuki,Auto,2022-02-14,-4.2434,8069.8,1.0129,2.6516,30.4244,True,2.9439
TRENT.NS,Trent Limited,Retail,2022-02-14,-3.2716,1031.48,0.6785,2.4251,52.8786,True,-0.0917
SHRIRAMFIN.NS,Shriram Finance,Finance,2022-02-14,-6.0459,214.75,1.1776,2.7815,0.5413,True,5.1126
KOTAKBANK.NS,Kotak Mahindra Bank,Banking,2022-02-14,-4.4523,348.09,1.1799,1.9756,6.461,True,4.594
AXISBANK.NS,Axis Bank,Banking,2022-02-14,-3.7883,770.13,0.5804,2.2156,21.6724,True,2.0043
LT.NS,Larsen & Toubro,Capital Goods,2022-02-14,-3.8611,1709.77,0.9623,1.9306,38.835,True,3.6103
DRREDDY.NS,Dr. Reddy's Laboratories,Pharma,2022-02-14,-2.7928,818.64,1.034,1.5642,0.2651,True,2.2273
ULTRACEMCO.NS,UltraTech Cement,Cement,2022-02-14,-3.202,6931.27,0.6615,1.9477,17.3997,True,-3.8884
COALINDIA.NS,Coal India,Energy,2022-02-14,-2.9129,115.84,0.8696,2.083,41.0136,True,2.7937
BAJAJFINSV.NS,Bajaj Finserv,Finance,2022-02-14,-2.7242,1564.28,0.8444,2.6059,73.0926,True,2.1571
GRASIM.NS,Grasim Industries,Cement,2022-02-14,-3.9295,1605.37,1.0837,2.483,37.6458,True,3.0129
HEROMOTOCO.NS,Hero MotoCorp,Auto,2022-02-14,-2.5785,2258.11,0.717,2.1083,12.827,True,4.7134
HINDALCO.NS,Hindalco Industries,Metals,2022-02-14,-3.9525,506.52,0.6178,2.2279,88.7632,True,-1.7746
INDUSINDBK.NS,IndusInd Bank,Banking,2022-02-14,-4.1531,913.79,0.6731,2.8063,13.7311,True,1.1523
BAJFINANCE.NS,Bajaj Finance,Finance,2022-02-14,-3.2182,665.8,0.7277,2.1533,51.7304,True,3.2479
SBILIFE.NS,SBI Life Insurance,Insurance,2022-02-14,-3.2648,1086.16,1.7344,1.5,29.4872,True,3.5072
HDFCLIFE.NS,HDFC Life Insurance,Insurance,2022-02-14,-6.3912,550.52,2.5896,1.9175,0.0,True,4.4321
POWERGRID.NS,Power Grid Corp,Power,2022-02-14,-2.8633,123.25,0.7924,1.8928,40.9335,True,0.8945
NTPC.NS,NTPC Limited,Power,2022-02-14,-3.3904,116.83,0.6045,1.4778,47.2435,True,-0.4151
ADANIPORTS.NS,Adani Ports,Infrastructure,2022-02-14,-3.8621,680.11,1.4046,1.736,21.4569,True,2.2062
ADANIENT.NS,Adani Enterprises,Conglomerate,2022-02-14,-5.6878,1660.99,1.1843,2.4761,164.3519,True,1.2771
WIPRO.NS,Wipro,IT,2022-02-14,-3.5177,250.65,0.8447,2.2028,35.7643,True,5.372
JSWSTEEL.NS,JSW Steel,Metals,2022-02-14,-6.6801,598.9,1.62,2.653,59.9889,True,-0.5506
ITC.NS,ITC Limited,FMCG,2022-02-14,-3.325,176.94,1.0273,1.5787,15.8409,True,-0.6607
TATASTEEL.NS,Tata Steel,Metals,2022-02-14,-5.3888,104.46,0.9153,2.9263,80.9169,True,-0.4213
BHARTIARTL.NS,Bharti Airtel,Telecom,2022-02-14,-3.5587,674.09,0.987,1.6993,38.3849,True,2.9361
SBIN.NS,State Bank of India,Banking,2022-02-14,-5.3248,458.65,1.1208,2.1499,53.8784,True,2.0842
ICICIBANK.NS,ICICI Bank,Banking,2022-02-14,-4.6915,731.1,1.1017,1.5756,40.3596,True,0.0995
HDFCBANK.NS,HDFC Bank,Banking,2022-02-14,-2.9727,700.95,0.9892,1.6447,8.268,True,3.2842
CIPLA.NS,Cipla,Pharma,2022-02-15,-3.4611,892.82,3.2117,1.6194,22.7485,False,-0.9166
HINDALCO.NS,Hindalco Industries,Metals,2022-02-21,-3.3233,497.53,0.8292,2.3566,70.3145,False,12.0605
SHRIRAMFIN.NS,Shriram Finance,Finance,2022-02-21,-3.0125,225.73,0.7546,3.0988,5.6816,False,-7.8676
ADANIENT.NS,Adani Enterprises,Conglomerate,2022-02-21,-2.943,1682.2,0.9323,2.7448,116.1349,False,-2.4181
BPCL.NS,Bharat Petroleum,Energy,2022-02-22,-3.6475,147.03,1.3418,1.9474,2.2988,False,-3.7152
TATASTEEL.NS,Tata Steel,Metals,2022-02-22,-3.651,100.22,1.0836,2.55,73.5772,False,13.23
SBIN.NS,State Bank of India,Banking,2022-02-22,-2.6277,455.91,1.1184,2.3748,52.9577,False,-4.8455
SBILIFE.NS,SBI Life Insurance,Insurance,2022-02-22,-2.9786,1090.77,1.4251,1.7239,30.0364,False,1.8348
TCS.NS,Tata Consultancy Services,IT,2022-02-22,-3.5758,3144.11,1.5769,1.5774,25.2495,False,-1.1223
ONGC.NS,Oil & Natural Gas Corp,Energy,2022-02-23,-2.5462,125.22,1.0264,1.911,74.4886,False,5.9409
SBILIFE.NS,SBI Life Insurance,Insurance,2022-02-24,-4.3159,1044.45,1.3628,1.9125,24.5147,True,0.2988
HDFCBANK.NS,HDFC Bank,Banking,2022-02-24,-5.4301,675.12,1.8619,2.0767,4.2788,True,-3.7269
APOLLOHOSP.NS,Apollo Hospitals,Healthcare,2022-02-24,-4.9633,4328.03,1.1638,2.6799,56.0725,True,8.3365
JSWSTEEL.NS,JSW Steel,Metals,2022-02-24,-7.3776,544.23,1.6901,2.6003,45.3829,True,10.995
ASIANPAINT.NS,Asian Paints,Consumer,2022-02-24,-5.1943,2955.63,2.2702,1.7612,35.6001,True,-10.7818
HDFCLIFE.NS,HDFC Life Insurance,Insurance,2022-02-24,-6.3439,526.46,1.5613,2.5304,0.0,True,-2.1484
TATACONSUM.NS,Tata Consumer Products,FMCG,2022-02-24,-6.298,650.21,1.3175,2.0082,14.5704,True,-1.1436
AXISBANK.NS,Axis Bank,Banking,2022-02-24,-6.0345,727.26,1.2877,2.054,14.8993,True,-2.095
TATASTEEL.NS,Tata Steel,Metals,2022-02-24,-5.7068,94.53,1.3817,2.8344,63.7147,True,18.9106
ULTRACEMCO.NS,UltraTech Cement,Cement,2022-02-24,-5.3354,6275.55,1.5918,2.0859,6.2933,True,-5.7358
INFY.NS,Infosys,IT,2022-02-24,-3.7123,1506.48,2.1941,1.9134,36.5429,True,2.6905
SUNPHARMA.NS,Sun Pharmaceutical,Pharma,2022-02-24,-2.6183,787.02,0.9305,2.0027,43.9178,True,1.3932
INDUSINDBK.NS,IndusInd Bank,Banking,2022-02-24,-7.8942,849.79,1.3596,3.2075,5.7654,True,2.9978
EICHERMOT.NS,Eicher Motors,Auto,2022-02-24,-3.3067,2510.73,1.1467,1.8697,13.6428,True,-10.6184
BPCL.NS,Bharat Petroleum,Energy,2022-02-24,-6.7348,137.83,1.3513,2.3478,0.0,True,4.5939
COALINDIA.NS,Coal India,Energy,2022-02-24,-5.3628,110.8,1.024,2.1367,34.882,True,20.6667
TITAN.NS,Titan Company,Consumer,2022-02-24,-3.5701,2375.43,1.3957,1.8842,71.9562,True,1.4294
SBIN.NS,State Bank of India,Banking,2022-02-24,-5.2236,432.36,1.3657,2.3383,45.0551,True,-2.2638
DRREDDY.NS,Dr. Reddy's Laboratories,Pharma,2022-02-24,-2.5816,796.82,1.6587,1.3974,0.0,True,-6.4472
BHARTIARTL.NS,Bharti Airtel,Telecom,2022-02-24,-4.7558,655.71,1.9972,1.8336,34.6127,True,-2.5637
GRASIM.NS,Grasim Industries,Cement,2022-02-24,-7.5129,1509.02,1.4927,2.5673,29.3852,True,-4.3222
BAJAJFINSV.NS,Bajaj Finserv,Finance,2022-02-24,-5.5065,1521.47,1.1731,2.5486,68.3556,True,0.5772
HEROMOTOCO.NS,Hero MotoCorp,Auto,2022-02-24,-6.7493,2170.25,2.5145,2.4483,8.4372,True,-7.1916
ICICIBANK.NS,ICICI Bank,Banking,2022-02-24,-4.996,686.19,2.004,2.0494,31.7373,True,-2.7354
BAJFINANCE.NS,Bajaj Finance,Finance,2022-02-24,-5.9159,650.28,1.6684,2.4156,48.1943,True,-1.3564
HCLTECH.NS,HCL Technologies,IT,2022-02-24,-4.7225,917.18,1.4036,1.8394,25.7231,True,3.6321
ADANIENT.NS,Adani Enterprises,Conglomerate,2022-02-24,-8.5717,1541.2,1.9203,2.9793,97.5884,True,4.6018
WIPRO.NS,Wipro,IT,2022-02-24,-5.2812,248.54,1.5855,2.2806,34.6239,True,7.1023
MARUTI.NS,Maruti Suzuki,Auto,2022-02-24,-5.618,7919.09,1.3441,2.1805,27.9886,True,-11.7276
BAJAJ-AUTO.NS,Bajaj Auto,Auto,2022-02-24,-2.8322,3147.44,1.63,1.68,12.0347,True,-6.8067
ADANIPORTS.NS,Adani Ports,Infrastructure,2022-02-24,-7.3369,640.13,2.2111,2.4861,1.9381,True,6.9176
HINDUNILVR.NS,Hindustan Unilever,FMCG,2022-02-24,-3.9374,2023.64,2.2007,1.4066,3.213,True,-6.9955
DIVISLAB.NS,Divi's Laboratories,Pharma,2022-02-24,-5.8578,3834.35,1.095,2.1277,20.7732,True,4.0148
NTPC.NS,NTPC Limited,Power,2022-02-24,-4.4547,109.69,1.474,1.8008,33.0031,True,4.6624
BEL.NS,Bharat Electronics,Defence,2022-02-24,-5.603,59.43,1.2368,1.7724,59.6948,True,14.3998
KOTAKBANK.NS,Kotak Mahindra Bank,Banking,2022-02-24,-4.838,357.65,1.6929,2.3362,9.3864,True,-2.379
POWERGRID.NS,Power Grid Corp,Power,2022-02-24,-3.5092,119.93,1.0046,1.5703,37.135,True,12.5327
TCS.NS,Tata Consultancy Services,IT,2022-02-24,-4.5499,2982.14,1.5039,1.7322,18.7974,True,3.6071
ITC.NS,ITC Limited,FMCG,2022-02-24,-3.4499,168.11,1.8256,1.7065,10.0607,True,8.1535
SHRIRAMFIN.NS,Shriram Finance,Finance,2022-02-24,-9.0631,197.68,1.4681,3.3066,0.0,True,1.9231
LT.NS,Larsen & Toubro,Capital Goods,2022-02-24,-3.4582,1670.19,1.5692,2.1444,35.6207,True,-2.5948
ONGC.NS,Oil & Natural Gas Corp,Energy,2022-02-24,-2.5506,122.03,1.3767,1.9866,70.0382,True,5.49
RELIANCE.NS,Reliance Industries,Energy,2022-02-24,-4.9831,1026.39,2.0531,1.6891,19.0655,True,3.0943
TRENT.NS,Trent Limited,Retail,2022-02-24,-3.1917,1016.49,1.1039,2.0795,45.2295,True,7.3287
DRREDDY.NS,Dr. Reddy's Laboratories,Pharma,2022-02-28,-2.7103,791.15,2.529,1.5059,0.0,False,-4.7952
HDFCLIFE.NS,HDFC Life Insurance,Insurance,2022-02-28,-2.9134,516.83,2.6435,2.5976,0.0,False,-1.94
HDFCBANK.NS,HDFC Bank,Banking,2022-03-02,-3.6459,653.64,2.7209,2.2933,0.9618,True,-0.2256
SHRIRAMFIN.NS,Shriram Finance,Finance,2022-03-02,-2.5485,202.67,1.5697,3.4395,2.522,True,-3.0761
ASIANPAINT.NS,Asian Paints,Consumer,2022-03-02,-4.5895,2917.02,3.1479,2.0637,33.8283,True,-5.0843
MARUTI.NS,Maruti Suzuki,Auto,2022-03-02,-6.0132,7537.18,2.2629,2.4999,21.8161,True,-10.0759
SUNPHARMA.NS,Sun Pharmaceutical,Pharma,2022-03-02,-2.7254,789.57,1.1961,1.3506,44.3839,True,5.768
ICICIBANK.NS,ICICI Bank,Banking,2022-03-02,-3.7498,693.42,1.7209,2.2347,33.1247,True,-6.6307
EICHERMOT.NS,Eicher Motors,Auto,2022-03-02,-3.1547,2406.11,0.9313,1.9713,8.9076,True,-8.5742
HEROMOTOCO.NS,Hero MotoCorp,Auto,2022-03-02,-4.3049,2114.39,1.0276,2.638,5.6462,True,-5.597
GRASIM.NS,Grasim Industries,Cement,2022-03-02,-3.1279,1513.08,1.3091,2.5787,29.7328,True,-3.5615
ULTRACEMCO.NS,UltraTech Cement,Cement,2022-03-02,-2.5663,6256.88,1.7622,1.8875,5.977,True,-5.9694
BAJAJ-AUTO.NS,Bajaj Auto,Auto,2022-03-02,-4.4769,3051.0,2.4958,1.9111,8.6017,True,-0.9875
DRREDDY.NS,Dr. Reddy's Laboratories,Pharma,2022-03-02,-5.1743,750.22,3.446,1.8565,0.0,True,2.0062
MARUTI.NS,Maruti Suzuki,Auto,2022-03-03,-2.7981,7326.28,1.2942,2.5558,18.4076,False,-5.0523
HINDUNILVR.NS,Hindustan Unilever,FMCG,2022-03-03,-2.7035,1948.71,1.5792,1.4252,0.0,False,0.5237
ULTRACEMCO.NS,UltraTech Cement,Cement,2022-03-03,-6.5421,5847.55,4.8717,2.2857,0.0,False,1.2014
SBILIFE.NS,SBI Life Insurance,Insurance,2022-03-03,-3.5544,1071.3,0.6589,2.4068,25.4911,False,-2.89
GRASIM.NS,Grasim Industries,Cement,2022-03-03,-2.8996,1469.21,1.2752,2.6146,25.9711,False,3.4118
HDFCLIFE.NS,HDFC Life Insurance,Insurance,2022-03-03,-5.1801,525.28,0.9648,3.1916,1.6342,False,-1.9652
DRREDDY.NS,Dr. Reddy's Laboratories,Pharma,2022-03-03,-3.4855,724.07,2.6771,1.8266,0.0,False,4.6695
TATACONSUM.NS,Tata Consumer Products,FMCG,2022-03-03,-3.3685,659.18,0.8971,2.34,16.151,False,5.4072
ASIANPAINT.NS,Asian Paints,Consumer,2022-03-03,-5.185,2765.77,3.8504,2.3378,26.8894,False,1.4242
EICHERMOT.NS,Eicher Motors,Auto,2022-03-03,-3.9313,2311.52,0.8562,2.0775,4.6262,False,-4.42
HINDUNILVR.NS,Hindustan Unilever,FMCG,2022-03-04,-3.4194,1882.08,3.6192,1.5588,0.0,True,3.7088
ONGC.NS,Oil & Natural Gas Corp,Energy,2022-03-04,-2.9653,128.73,1.3654,2.2529,79.3733,True,6.3237
MARUTI.NS,Maruti Suzuki,Auto,2022-03-04,-4.5849,6990.37,2.8016,2.6837,12.9787,True,-1.9973
APOLLOHOSP.NS,Apollo Hospitals,Healthcare,2022-03-04,-3.468,4688.84,0.9346,2.947,69.0835,True,2.2508
HINDALCO.NS,Hindalco Industries,Metals,2022-03-04,-3.711,567.3,1.5228,2.7522,87.2098,True,0.9078
AXISBANK.NS,Axis Bank,Banking,2022-03-04,-3.0706,712.03,1.2297,2.2444,12.4921,True,-3.3776
JSWSTEEL.NS,JSW Steel,Metals,2022-03-04,-3.4749,604.07,1.849,3.1254,61.3678,True,5.9815
BAJFINANCE.NS,Bajaj Finance,Finance,2022-03-04,-3.1186,641.46,1.611,2.6516,46.1841,True,1.3781
TITAN.NS,Titan Company,Consumer,2022-03-04,-5.1763,2409.38,1.7474,2.3019,74.4141,True,2.1549
TRENT.NS,Trent Limited,Retail,2022-03-04,-3.1561,1090.99,1.1243,2.4062,55.8729,True,6.6959
COALINDIA.NS,Coal India,Energy,2022-03-04,-4.2075,133.7,1.7027,3.728,62.7576,True,0.4144
BHARTIARTL.NS,Bharti Airtel,Telecom,2022-03-04,-2.7305,638.9,1.0416,1.9518,31.1616,True,6.2949
HEROMOTOCO.NS,Hero MotoCorp,Auto,2022-03-04,-4.389,2014.17,1.4887,2.6555,0.6389,True,0.861
EICHERMOT.NS,Eicher Motors,Auto,2022-03-04,-2.9156,2244.13,1.3021,2.1418,1.5757,True,-2.0733
ASIANPAINT.NS,Asian Paints,Consumer,2022-03-04,-4.6572,2636.96,4.8183,2.5071,20.9799,True,7.0796
ADANIPORTS.NS,Adani Ports,Infrastructure,2022-03-07,-3.1922,662.56,0.9967,2.8642,5.5107,True,7.7826
HDFCLIFE.NS,HDFC Life Insurance,Insurance,2022-03-07,-3.4516,497.37,1.4051,3.2442,0.0,True,1.7776
AXISBANK.NS,Axis Bank,Banking,2022-03-07,-6.6364,664.77,2.0246,2.6225,5.0267,True,6.3666
BRITANNIA.NS,Britannia Industries,FMCG,2022-03-07,-6.4633,2969.65,2.1848,1.8838,0.0,True,1.0275
HEROMOTOCO.NS,Hero MotoCorp,Auto,2022-03-07,-4.8717,1916.05,1.4499,2.7955,0.0,True,6.5129
HINDUNILVR.NS,Hindustan Unilever,FMCG,2022-03-07,-3.741,1811.67,1.6138,1.6857,0.0,True,5.9338
BAJAJFINSV.NS,Bajaj Finserv,Finance,2022-03-07,-6.2609,1434.44,1.2264,2.6824,58.726,True,9.0815
BAJFINANCE.NS,Bajaj Finance,Finance,2022-03-07,-6.3155,600.95,2.1215,2.9486,36.9519,True,8.8237
ICICIBANK.NS,ICICI Bank,Banking,2022-03-07,-4.9851,634.15,1.6753,2.4434,21.7462,True,6.4857
SBILIFE.NS,SBI Life Insurance,Insurance,2022-03-07,-2.6907,1019.39,0.5025,2.4244,19.4098,True,3.9654
ADANIENT.NS,Adani Enterprises,Conglomerate,2022-03-07,-3.1548,1561.26,0.9671,3.1952,83.7999,True,11.0003
HDFCBANK.NS,HDFC Bank,Banking,2022-03-07,-3.0516,630.12,1.7302,2.2587,0.0,True,8.8881
SHRIRAMFIN.NS,Shriram Finance,Finance,2022-03-07,-6.2296,188.93,0.8628,3.6515,0.0,True,10.1741
EICHERMOT.NS,Eicher Motors,Auto,2022-03-07,-3.4028,2167.77,2.1047,2.2232,0.0,True,2.3853
LT.NS,Larsen & Toubro,Capital Goods,2022-03-07,-4.5159,1553.38,2.5953,2.1595,26.1361,True,6.8708
RELIANCE.NS,Reliance Industries,Energy,2022-03-07,-3.698,1019.02,1.3436,2.0684,18.2104,True,8.0061
INDUSINDBK.NS,IndusInd Bank,Banking,2022-03-07,-7.4842,809.76,1.5523,3.23,0.783,True,8.7728
BPCL.NS,Bharat Petroleum,Energy,2022-03-07,-2.9711,139.88,1.777,2.3218,1.4863,True,6.4053
SBIN.NS,State Bank of India,Banking,2022-03-07,-4.6867,402.76,1.4818,2.4218,35.127,True,10.1862
MARUTI.NS,Maruti Suzuki,Auto,2022-03-07,-6.599,6529.08,2.4705,2.9767,5.5232,True,8.0912
TRENT.NS,Trent Limited,Retail,2022-03-07,-2.8527,1059.86,0.6379,2.4333,51.4263,True,9.6692
ULTRACEMCO.NS,UltraTech Cement,Cement,2022-03-07,-5.8212,5571.24,2.1578,2.5342,0.0,True,5.9283
HINDALCO.NS,Hindalco Industries,Metals,2022-03-08,-4.8084,573.28,1.3621,3.2411,89.1819,False,-5.1191
ONGC.NS,Oil & Natural Gas Corp,Energy,2022-03-08,-4.199,139.51,2.2333,3.8438,94.4069,False,-8.5706
COALINDIA.NS,Coal India,Energy,2022-03-10,-4.1254,132.18,1.3094,3.8263,60.9142,False,-1.3411
BEL.NS,Bharat Electronics,Defence,2022-03-10,-2.5624,68.57,1.5357,2.7491,84.2632,False,-3.391
COALINDIA.NS,Coal India,Energy,2022-03-15,-4.1309,127.71,0.597,3.893,55.474,True,5.8705
HINDALCO.NS,Hindalco Industries,Metals,2022-03-15,-5.2556,543.93,0.8644,3.3074,79.4976,True,8.7003
JSWSTEEL.NS,JSW Steel,Metals,2022-03-15,-3.5647,612.86,1.0303,3.0207,61.2098,True,9.8651
BPCL.NS,Bharat Petroleum,Energy,2022-03-15,-2.5998,144.97,0.948,2.5575,5.1794,True,4.6532
TATASTEEL.NS,Tata Steel,Metals,2022-03-15,-4.8766,108.59,0.9089,3.4197,79.4763,True,7.8825
ONGC.NS,Oil & Natural Gas Corp,Energy,2022-03-15,-4.6857,127.56,1.1406,3.9143,77.745,True,7.2367
KOTAKBANK.NS,Kotak Mahindra Bank,Banking,2022-03-15,-3.0748,345.48,1.383,2.14,5.6627,True,2.0764
INFY.NS,Infosys,IT,2022-03-15,-2.7186,1651.15,0.8909,1.7805,42.4813,True,1.7996
GRASIM.NS,Grasim Industries,Cement,2022-03-21,-3.1114,1533.55,1.0591,2.6343,23.5356,False,2.6442
ASIANPAINT.NS,Asian Paints,Consumer,2022-03-21,-2.8964,2933.2,0.5493,2.8941,30.1249,False,-0.6008
SHRIRAMFIN.NS,Shriram Finance,Finance,2022-03-21,-3.8201,203.24,0.937,3.3603,7.57,False,2.6832
SBILIFE.NS,SBI Life Insurance,Insurance,2022-03-21,-2.902,1085.67,0.5493,2.575,27.1739,False,-1.7156
ULTRACEMCO.NS,UltraTech Cement,Cement,2022-03-21,-2.861,6053.41,0.6638,2.9568,8.6546,False,2.7248
TATACONSUM.NS,Tata Consumer Products,FMCG,2022-03-21,-3.1723,717.46,0.7512,2.8283,26.4213,False,-0.8759
BRITANNIA.NS,Britannia Industries,FMCG,2022-03-21,-3.5281,3048.84,0.8969,2.0776,3.9759,False,-4.4092
POWERGRID.NS,Power Grid Corp,Power,2022-03-21,-3.1435,128.59,1.0525,2.2443,47.038,False,3.6115
NESTLEIND.NS,Nestle India,FMCG,2022-03-22,-2.5016,833.31,1.8432,1.5219,9.0147,False,-2.9109
HINDUNILVR.NS,Hindustan Unilever,FMCG,2022-03-22,-2.813,1857.85,1.9619,2.2644,2.5489,False,-0.3235
KOTAKBANK.NS,Kotak Mahindra Bank,Banking,2022-03-24,-3.1417,341.57,4.2936,2.349,4.4681,False,2.316
TITAN.NS,Titan Company,Consumer,2022-03-24,-2.658,2584.58,1.0378,2.3936,87.0969,False,-3.1449
TITAN.NS,Titan Company,Consumer,2022-03-25,-3.6128,2491.21,1.5846,2.5225,80.3375,False,-0.1208
HEROMOTOCO.NS,Hero MotoCorp,Auto,2022-03-29,-7.0355,1926.46,2.9638,2.6232,0.5435,False,5.5007
COALINDIA.NS,Coal India,Energy,2022-03-29,-2.7451,137.39,0.4385,3.2649,67.2537,False,1.0215
ONGC.NS,Oil & Natural Gas Corp,Energy,2022-03-29,-3.0337,133.21,0.3684,3.799,85.6146,False,0.4971
JSWSTEEL.NS,JSW Steel,Metals,2022-03-30,-4.8216,685.89,0.8964,2.5213,65.6718,False,2.7664
HINDALCO.NS,Hindalco Industries,Metals,2022-03-30,-4.9897,582.85,0.7886,3.0268,92.3406,False,-3.0927
ONGC.NS,Oil & Natural Gas Corp,Energy,2022-03-30,-5.2632,126.19,2.2503,4.0038,75.8454,False,6.6667
DIVISLAB.NS,Divi's Laboratories,Pharma,2022-03-31,-3.0086,4287.66,1.462,1.6067,28.1113,False,1.0541
HINDALCO.NS,Hindalco Industries,Metals,2022-03-31,-5.0517,553.41,1.7654,3.0691,82.6241,False,0.9219
HDFCBANK.NS,HDFC Bank,Banking,2022-04-05,-2.9303,764.94,1.3222,2.7241,21.3957,False,-7.1351
HDFCBANK.NS,HDFC Bank,Banking,2022-04-06,-3.5691,737.64,1.1865,2.9075,17.063,False,-5.5389
ADANIPORTS.NS,Adani Ports,Infrastructure,2022-04-07,-3.8183,799.02,1.6977,1.8666,27.2417,False,3.0952
TITAN.NS,Titan Company,Consumer,2022-04-07,-3.2165,2426.51,1.8544,1.8132,75.6538,False,1.4278
ADANIENT.NS,Adani Enterprises,Conglomerate,2022-04-07,-2.8218,2095.31,1.8419,2.0873,95.4953,False,6.422
TRENT.NS,Trent Limited,Retail,2022-04-08,-2.9134,1264.48,0.9405,2.2179,80.66,False,-1.6698
HCLTECH.NS,HCL Technologies,IT,2022-04-11,-2.7331,946.36,1.6887,1.3282,28.9652,False,-3.8906
LT.NS,Larsen & Toubro,Capital Goods,2022-04-11,-2.6902,1693.14,1.0994,1.2387,37.4844,False,-5.0463
INFY.NS,Infosys,IT,2022-04-11,-2.648,1585.84,1.2441,1.6525,36.8458,False,-10.1243
GRASIM.NS,Grasim Industries,Cement,2022-04-12,-3.5519,1715.34,1.1269,1.99,38.1801,False,0.4984
HINDALCO.NS,Hindalco Industries,Metals,2022-04-12,-5.8992,527.03,1.4528,2.7858,62.4337,False,-0.3872
TATASTEEL.NS,Tata Steel,Metals,2022-04-12,-2.7727,116.2,0.9619,1.9526,58.5104,False,-1.371
SHRIRAMFIN.NS,Shriram Finance,Finance,2022-04-12,-3.4897,220.92,0.8824,1.8893,16.9269,False,-2.5447
COALINDIA.NS,Coal India,Energy,2022-04-12,-5.2953,137.39,1.1886,2.3618,67.2537,False,11.2366
TCS.NS,Tata Consultancy Services,IT,2022-04-18,-3.6565,3092.95,1.6425,1.2609,17.4746,True,0.5711
WIPRO.NS,Wipro,IT,2022-04-18,-3.6838,251.29,1.4758,1.3492,29.8408,True,-1.7174
HDFCBANK.NS,HDFC Bank,Banking,2022-04-18,-4.7442,663.73,1.6817,3.0579,5.3329,True,-2.1284
APOLLOHOSP.NS,Apollo Hospitals,Healthcare,2022-04-18,-4.0036,4498.46,0.614,1.5646,52.8903,True,2.6688
INFY.NS,Infosys,IT,2022-04-18,-7.2717,1455.54,3.9856,1.8783,25.6017,True,-3.719
ADANIPORTS.NS,Adani Ports,Infrastructure,2022-04-19,-2.7768,800.88,0.6225,2.0261,27.5375,True,11.0094
JSWSTEEL.NS,JSW Steel,Metals,2022-04-19,-2.7935,713.47,1.091,2.0095,31.0969,True,-3.3762
HCLTECH.NS,HCL Technologies,IT,2022-04-19,-2.8591,893.55,1.0982,1.3076,21.7688,True,2.2471
INFY.NS,Infosys,IT,2022-04-19,-3.6635,1402.22,2.2356,1.976,21.0003,True,1.2164
ADANIENT.NS,Adani Enterprises,Conglomerate,2022-04-19,-2.9344,2164.44,0.8302,1.8476,96.1129,True,10.469
HINDUNILVR.NS,Hindustan Unilever,FMCG,2022-04-19,-2.9665,1969.26,0.8889,1.5482,8.6988,True,1.6706
HDFCBANK.NS,HDFC Bank,Banking,2022-04-19,-3.816,638.4,2.4624,3.1107,1.3134,True,2.224
HDFCLIFE.NS,HDFC Life Insurance,Insurance,2022-04-19,-4.8059,540.05,0.5888,2.0442,8.5799,True,0.5762
NESTLEIND.NS,Nestle India,FMCG,2022-04-19,-3.302,858.15,1.1919,1.4804,10.703,True,3.1097
ITC.NS,ITC Limited,FMCG,2022-04-19,-3.1655,210.89,0.8839,1.6445,38.0641,True,-0.9941
CIPLA.NS,Cipla,Pharma,2022-04-19,-2.6804,968.8,0.7655,1.3855,16.2869,True,-2.1893
SHRIRAMFIN.NS,Shriram Finance,Finance,2022-04-19,-3.921,209.26,1.2599,2.0193,10.7583,True,3.4552
TATACONSUM.NS,Tata Consumer Products,FMCG,2022-04-19,-3.7638,759.25,1.1042,1.6693,26.531,True,3.8794
DIVISLAB.NS,Divi's Laboratories,Pharma,2022-04-19,-2.5083,4296.76,1.0799,1.6519,19.1218,True,2.4527
SBILIFE.NS,SBI Life Insurance,Insurance,2022-04-19,-4.1503,1116.37,0.7663,1.93,25.506,True,-2.6541
BAJFINANCE.NS,Bajaj Finance,Finance,2022-04-20,-3.1276,689.99,1.6032,1.3302,57.2431,False,-4.5275
CIPLA.NS,Cipla,Pharma,2022-04-22,-3.1596,936.55,1.0657,1.5154,12.4157,True,1.4685
HDFCLIFE.NS,HDFC Life Insurance,Insurance,2022-04-22,-2.96,547.31,0.544,2.2056,10.0397,True,5.1169
HINDALCO.NS,Hindalco Industries,Metals,2022-04-22,-4.8311,499.62,2.1713,2.4934,48.6169,True,-6.1266
AXISBANK.NS,Axis Bank,Banking,2022-04-22,-2.6441,777.35,0.6933,1.2871,20.4351,True,-6.6615
INDUSINDBK.NS,IndusInd Bank,Banking,2022-04-22,-2.9719,931.5,0.6879,1.4211,15.9354,True,1.9482
SBIN.NS,State Bank of India,Banking,2022-04-22,-3.0409,457.92,1.1227,1.2348,53.3298,True,-0.859
SHRIRAMFIN.NS,Shriram Finance,Finance,2022-04-22,-3.7233,207.28,0.8169,2.1323,9.7087,True,8.4883
DRREDDY.NS,Dr. Reddy's Laboratories,Pharma,2022-04-22,-2.9523,816.34,0.7809,1.791,12.7432,True,-1.4501
HINDUNILVR.NS,Hindustan Unilever,FMCG,2022-04-22,-3.2303,1982.21,1.9035,1.5767,9.4138,True,5.073
GRASIM.NS,Grasim Industries,Cement,2022-04-22,-2.6867,1677.58,0.7865,1.9682,35.1378,True,-1.4299
NTPC.NS,NTPC Limited,Power,2022-04-25,-2.7111,137.64,0.5145,2.2426,66.8954,True,0.8969
ONGC.NS,Oil & Natural Gas Corp,Energy,2022-04-25,-2.5,132.15,0.6016,2.0209,76.3265,True,-7.8397
APOLLOHOSP.NS,Apollo Hospitals,Healthcare,2022-04-25,-2.8596,4618.51,0.4503,2.1232,48.9646,True,-7.9405
TRENT.NS,Trent Limited,Retail,2022-04-25,-3.8201,1232.41,0.5415,1.767,68.2246,True,-1.394
SBILIFE.NS,SBI Life Insurance,Insurance,2022-04-25,-4.0448,1083.17,0.8521,2.0633,21.6175,True,-0.9347
TATACONSUM.NS,Tata Consumer Products,FMCG,2022-04-25,-2.8016,760.59,0.5515,1.6875,26.7548,True,3.9924
HDFCLIFE.NS,HDFC Life Insurance,Insurance,2022-04-25,-2.5359,533.43,0.6489,2.2862,7.2493,True,7.3796
BPCL.NS,Bharat Petroleum,Energy,2022-04-25,-6.0244,152.99,2.0158,2.1875,11.0044,True,-0.8791
COALINDIA.NS,Coal India,Energy,2022-04-25,-6.7771,139.2,1.2349,2.8665,69.4568,True,-0.4245
TATASTEEL.NS,Tata Steel,Metals,2022-04-25,-4.4773,107.41,1.184,1.617,39.5592,True,6.1335
SUNPHARMA.NS,Sun Pharmaceutical,Pharma,2022-04-25,-2.6817,865.65,0.6245,1.2298,43.2947,True,2.6
HINDALCO.NS,Hindalco Industries,Metals,2022-04-25,-3.6274,481.5,0.984,2.4623,43.226,True,-2.2402
BAJAJFINSV.NS,Bajaj Finserv,Finance,2022-04-27,-3.9389,1479.67,1.3161,1.7141,49.5464,False,-4.6346
ADANIENT.NS,Adani Enterprises,Conglomerate,2022-04-27,-2.555,2329.94,1.1586,2.2719,101.7625,False,-3.3718
TATACONSUM.NS,Tata Consumer Products,FMCG,2022-04-27,-2.8526,766.2,0.5795,1.9637,27.6902,False,-2.7861
BAJFINANCE.NS,Bajaj Finance,Finance,2022-04-27,-7.2709,658.75,3.6337,2.2802,44.0711,False,-6.0269
TRENT.NS,Trent Limited,Retail,2022-04-27,-4.2857,1220.01,0.9643,2.1211,64.0266,False,-1.0327
COALINDIA.NS,Coal India,Energy,2022-04-29,-3.8896,135.06,0.9712,2.9165,60.5525,False,0.1094
ONGC.NS,Oil & Natural Gas Corp,Energy,2022-04-29,-2.6396,124.99,0.9306,1.6484,65.4717,False,2.68
AXISBANK.NS,Axis Bank,Banking,2022-04-29,-6.5658,725.57,3.221,1.9809,11.9029,False,-8.9075
POWERGRID.NS,Power Grid Corp,Power,2022-04-29,-3.3319,142.93,0.6341,1.941,53.2278,False,7.64
ADANIPORTS.NS,Adani Ports,Infrastructure,2022-04-29,-3.4607,837.15,1.1833,2.6352,33.3127,False,-7.4498
BEL.NS,Bharat Electronics,Defence,2022-04-29,-3.284,76.02,0.5635,2.2105,89.1271,False,-5.4705
BAJAJ-AUTO.NS,Bajaj Auto,Auto,2022-04-29,-2.7345,3374.21,1.403,1.8521,20.1066,False,-4.3115
WIPRO.NS,Wipro,IT,2022-04-29,-2.6313,237.38,1.8724,1.4422,6.6233,False,-5.0413
ONGC.NS,Oil & Natural Gas Corp,Energy,2022-05-02,-2.5553,121.79,1.4058,1.7141,60.1571,False,-1.2152
TITAN.NS,Titan Company,Consumer,2022-05-02,-2.9147,2355.64,1.0979,1.8421,70.5236,False,-10.4418
EICHERMOT.NS,Eicher Motors,Auto,2022-05-02,-2.9597,2448.71,0.7661,1.8338,13.1402,False,-5.3653
WIPRO.NS,Wipro,IT,2022-05-02,-2.7123,230.94,3.0505,1.499,3.7314,False,-3.5051
APOLLOHOSP.NS,Apollo Hospitals,Healthcare,2022-05-02,-3.3585,4251.78,0.876,2.2763,37.1361,False,-14.3527
BAJAJ-AUTO.NS,Bajaj Auto,Auto,2022-05-02,-2.8448,3278.22,0.903,1.9614,16.6898,False,-0.839
DRREDDY.NS,Dr. Reddy's Laboratories,Pharma,2022-05-04,-3.19,777.32,0.9794,1.5813,7.3544,True,-2.7127
SHRIRAMFIN.NS,Shriram Finance,Finance,2022-05-04,-6.6125,214.93,1.2344,3.0474,13.7584,True,-2.5154
BEL.NS,Bharat Electronics,Defence,2022-05-04,-2.9183,73.68,0.433,2.3255,81.8177,True,-5.2768
RELIANCE.NS,Reliance Industries,Energy,2022-05-04,-3.1218,1225.64,1.2185,1.8997,41.2874,True,-9.0713
EICHERMOT.NS,Eicher Motors,Auto,2022-05-04,-2.715,2382.23,0.8081,1.9351,10.0685,True,-3.7874
ADANIPORTS.NS,Adani Ports,Infrastructure,2022-05-04,-5.1077,794.53,0.8109,2.9104,26.5256,True,-6.5084
TATASTEEL.NS,Tata Steel,Metals,2022-05-04,-2.6135,111.02,2.0877,1.8215,25.0378,True,-7.5832
DIVISLAB.NS,Divi's Laboratories,Pharma,2022-05-04,-3.6699,4231.26,1.0048,1.6446,11.5348,True,-1.159
TATACONSUM.NS,Tata Consumer Products,FMCG,2022-05-04,-2.5594,770.71,1.1016,1.9654,28.4417,True,-7.3696
GRASIM.NS,Grasim Industries,Cement,2022-05-04,-3.4116,1585.14,0.6205,2.1116,20.8282,True,-5.3568
HEROMOTOCO.NS,Hero MotoCorp,Auto,2022-05-04,-3.1279,2099.75,1.5741,1.9533,9.5875,True,2.5233
APOLLOHOSP.NS,Apollo Hospitals,Healthcare,2022-05-04,-6.7704,3963.92,2.4918,2.7074,27.8514,True,-8.3136
HINDALCO.NS,Hindalco Industries,Metals,2022-05-04,-4.6965,448.61,0.8754,2.1853,28.2151,True,-8.4696
JSWSTEEL.NS,JSW Steel,Metals,2022-05-04,-2.7871,680.15,0.627,1.5553,24.9758,True,-8.7977
HDFCBANK.NS,HDFC Bank,Banking,2022-05-04,-3.3982,644.96,0.818,3.1132,2.3551,True,-0.5457
INDUSINDBK.NS,IndusInd Bank,Banking,2022-05-04,-3.9092,949.41,1.5623,1.9604,17.2459,True,-5.6169
BHARTIARTL.NS,Bharti Airtel,Telecom,2022-05-04,-2.5561,706.04,1.1515,1.2922,41.5858,True,0.0623
BAJAJ-AUTO.NS,Bajaj Auto,Auto,2022-05-04,-3.4925,3163.73,1.3499,2.0215,12.6143,True,3.3158
BAJAJFINSV.NS,Bajaj Finserv,Finance,2022-05-04,-4.2454,1429.38,1.2411,1.6404,30.5739,True,-6.9307
MARUTI.NS,Maruti Suzuki,Auto,2022-05-04,-3.1023,7135.63,0.9588,1.6174,15.3264,True,-0.0196
TITAN.NS,Titan Company,Consumer,2022-05-04,-4.0477,2260.29,1.9168,2.0251,63.6213,True,-7.653
LT.NS,Larsen & Toubro,Capital Goods,2022-05-04,-2.7092,1552.91,0.8066,1.6794,23.538,True,-3.8649
AXISBANK.NS,Axis Bank,Banking,2022-05-04,-2.7703,704.26,1.3564,1.9691,8.6162,True,-4.9279
ASIANPAINT.NS,Asian Paints,Consumer,2022-05-04,-3.0984,2986.26,1.14,1.6487,23.0043,True,-1.5222
ADANIENT.NS,Adani Enterprises,Conglomerate,2022-05-04,-3.6632,2249.79,0.8397,2.4631,94.6363,True,-5.9677
HINDUNILVR.NS,Hindustan Unilever,FMCG,2022-05-04,-2.6429,2023.78,0.7899,1.9698,11.7081,True,-0.3707
BAJFINANCE.NS,Bajaj Finance,Finance,2022-05-04,-4.3223,622.02,1.3651,2.2298,19.129,True,-8.4033
SUNPHARMA.NS,Sun Pharmaceutical,Pharma,2022-05-05,-2.5252,844.64,1.9381,1.484,37.5511,False,-3.2056
TATACONSUM.NS,Tata Consumer Products,FMCG,2022-05-05,-3.3549,744.85,2.7825,2.1121,24.1326,False,-4.9333
ULTRACEMCO.NS,UltraTech Cement,Cement,2022-05-05,-2.5491,6214.2,1.0062,1.4765,11.5407,False,-2.6787
INDUSINDBK.NS,IndusInd Bank,Banking,2022-05-05,-4.242,909.13,1.611,2.1308,12.2723,False,-7.1413
NESTLEIND.NS,Nestle India,FMCG,2022-05-05,-2.6758,845.82,0.9658,1.377,9.1125,False,-7.8605
BRITANNIA.NS,Britannia Industries,FMCG,2022-05-05,-3.2034,3086.0,1.5226,1.6622,5.8976,False,-1.8355
BAJFINANCE.NS,Bajaj Finance,Finance,2022-05-06,-4.8998,588.72,2.3052,2.3684,12.7505,True,-8.0754
EICHERMOT.NS,Eicher Motors,Auto,2022-05-06,-2.9217,2266.39,0.6944,2.0276,4.7162,True,2.9715
DIVISLAB.NS,Divi's Laboratories,Pharma,2022-05-06,-4.5799,4057.59,1.7079,1.8152,5.8222,True,2.7665
BEL.NS,Bharat Electronics,Defence,2022-05-06,-2.8736,72.7,0.468,2.4187,78.8682,True,-4.1201
GRASIM.NS,Grasim Industries,Cement,2022-05-06,-2.5702,1529.79,0.5666,2.1427,15.2184,True,-5.7805
INFY.NS,Infosys,IT,2022-05-06,-2.6685,1385.03,0.6962,2.3614,19.5168,True,-2.4922
NESTLEIND.NS,Nestle India,FMCG,2022-05-06,-3.4555,816.59,1.3222,1.5452,4.0817,True,-3.4862
AXISBANK.NS,Axis Bank,Banking,2022-05-06,-4.1219,670.6,1.3821,2.0863,3.425,True,-5.5613
WIPRO.NS,Wipro,IT,2022-05-06,-3.2026,226.33,1.2148,1.5602,1.6568,True,-3.3911
APOLLOHOSP.NS,Apollo Hospitals,Healthcare,2022-05-06,-3.083,3780.26,1.2054,2.7313,21.9276,True,-7.304
HDFCBANK.NS,HDFC Bank,Banking,2022-05-06,-2.6128,626.7,0.8531,1.8884,0.0,True,-0.8527
HINDALCO.NS,Hindalco Industries,Metals,2022-05-06,-3.867,431.21,0.7512,2.0599,23.2436,True,-12.5634
TRENT.NS,Trent Limited,Retail,2022-05-06,-5.411,1142.08,1.1849,2.232,53.549,True,-10.0065
BAJAJFINSV.NS,Bajaj Finserv,Finance,2022-05-06,-3.5274,1361.32,1.396,1.6961,24.3568,True,-7.5672
INDUSINDBK.NS,IndusInd Bank,Banking,2022-05-09,-2.8075,863.42,1.1158,2.2371,6.6275,False,-0.4271
TRENT.NS,Trent Limited,Retail,2022-05-09,-3.741,1099.35,1.2354,2.3081,47.8047,False,-5.8613
NESTLEIND.NS,Nestle India,FMCG,2022-05-09,-2.8896,792.99,1.6111,1.6179,0.8307,False,-1.7298
RELIANCE.NS,Reliance Industries,Energy,2022-05-09,-3.9055,1145.86,1.0715,2.123,32.09,False,-3.6175
HEROMOTOCO.NS,Hero MotoCorp,Auto,2022-05-09,-2.7542,2172.3,1.0916,2.1791,13.3738,False,0.1264
COALINDIA.NS,Coal India,Energy,2022-05-10,-7.1019,125.61,0.9181,3.2775,42.9775,False,8.5269
JSWSTEEL.NS,JSW Steel,Metals,2022-05-10,-4.8721,616.83,0.901,1.9284,13.3398,False,-0.5346
ADANIPORTS.NS,Adani Ports,Infrastructure,2022-05-10,-2.9649,751.81,0.6512,2.6107,19.723,False,-3.166
HINDALCO.NS,Hindalco Industries,Metals,2022-05-10,-4.7512,411.05,0.8392,2.2195,16.0246,False,1.2766
ADANIENT.NS,Adani Enterprises,Conglomerate,2022-05-10,-4.0111,2105.74,0.836,2.5017,72.9715,False,3.5719
SUNPHARMA.NS,Sun Pharmaceutical,Pharma,2022-05-10,-2.6598,828.96,2.7695,1.5831,31.0077,False,3.4693
ONGC.NS,Oil & Natural Gas Corp,Energy,2022-05-10,-6.2519,120.31,1.3732,2.2451,49.1661,False,5.6329
TRENT.NS,Trent Limited,Retail,2022-05-10,-3.9589,1055.83,0.9643,2.4049,41.9533,False,1.4573
TATASTEEL.NS,Tata Steel,Metals,2022-05-10,-6.9754,102.53,2.116,2.3183,11.2899,False,2.0431
SHRIRAMFIN.NS,Shriram Finance,Finance,2022-05-11,-3.4774,209.52,1.1457,3.1432,10.8969,False,-1.9911
BAJAJFINSV.NS,Bajaj Finserv,Finance,2022-05-12,-3.5942,1282.5,1.1912,1.7904,17.1564,True,-3.3994
ICICIBANK.NS,ICICI Bank,Banking,2022-05-12,-2.5763,674.94,1.0028,1.2187,17.3329,True,-0.7904
TITAN.NS,Titan Company,Consumer,2022-05-12,-3.1281,2022.01,1.1323,1.9261,43.0736,True,3.0949
ADANIENT.NS,Adani Enterprises,Conglomerate,2022-05-12,-3.4964,2041.56,0.8975,2.4902,67.6991,True,3.4007
HDFCLIFE.NS,HDFC Life Insurance,Insurance,2022-05-12,-2.8924,540.59,0.6907,2.2039,8.6892,True,-3.3897
NTPC.NS,NTPC Limited,Power,2022-05-12,-2.6221,130.99,0.5075,2.0471,49.6008,True,-0.3703
TRENT.NS,Trent Limited,Retail,2022-05-12,-3.3512,1006.73,1.96,2.3827,35.3521,True,2.5523
INDUSINDBK.NS,IndusInd Bank,Banking,2022-05-12,-5.7887,844.21,1.5031,2.6226,4.2546,True,-0.4196
AXISBANK.NS,Axis Bank,Banking,2022-05-12,-3.3762,646.95,0.9532,2.1179,0.0,True,0.0847
JSWSTEEL.NS,JSW Steel,Metals,2022-05-12,-3.7214,597.23,0.9423,1.6838,9.7392,True,-3.9373
TATASTEEL.NS,Tata Steel,Metals,2022-05-12,-4.1177,98.37,1.273,2.3841,5.5965,True,0.3981
GRASIM.NS,Grasim Industries,Cement,2022-05-12,-3.224,1451.86,0.933,1.5436,9.3493,True,-1.8878
APOLLOHOSP.NS,Apollo Hospitals,Healthcare,2022-05-12,-2.685,3536.79,0.9581,2.6368,14.0749,True,1.4229
KOTAKBANK.NS,Kotak Mahindra Bank,Banking,2022-05-12,-2.71,350.89,1.5704,1.4522,7.3173,True,1.2777
HEROMOTOCO.NS,Hero MotoCorp,Auto,2022-05-12,-2.7972,2092.52,1.0451,2.2812,9.21,True,4.7601
SHRIRAMFIN.NS,Shriram Finance,Finance,2022-05-12,-4.933,199.19,1.1781,3.2776,5.4263,True,1.2914
LT.NS,Larsen & Toubro,Capital Goods,2022-05-12,-2.8425,1450.45,1.5448,1.5586,14.9493,True,1.4284
ADANIPORTS.NS,Adani Ports,Infrastructure,2022-05-12,-6.1324,697.26,1.2299,2.759,11.0368,True,2.7338
BAJFINANCE.NS,Bajaj Finance,Finance,2022-05-12,-3.6783,548.79,1.6042,2.4199,5.1045,True,2.031
SBIN.NS,State Bank of India,Banking,2022-05-12,-2.9168,423.21,1.31,1.5577,30.3339,True,-3.2746
HINDALCO.NS,Hindalco Industries,Metals,2022-05-12,-3.9522,394.38,1.8851,2.2114,11.1843,True,2.7473
SBIN.NS,State Bank of India,Banking,2022-05-13,-3.8906,406.74,3.6526,1.7294,24.4986,False,3.9919
HINDALCO.NS,Hindalco Industries,Metals,2022-05-13,-4.3982,377.04,1.3437,2.0837,6.2942,False,10.5928
JSWSTEEL.NS,JSW Steel,Metals,2022-05-13,-3.8972,573.96,1.3177,1.8018,5.4624,False,5.1045
ICICIBANK.NS,ICICI Bank,Banking,2022-05-13,-2.6516,657.04,0.9398,1.2908,14.2217,False,4.7538
NTPC.NS,NTPC Limited,Power,2022-05-13,-2.962,127.11,0.96,2.1429,41.5977,False,3.7808
ULTRACEMCO.NS,UltraTech Cement,Cement,2022-05-16,-2.9654,5878.93,1.899,1.7625,5.5229,False,-1.6049
BPCL.NS,Bharat Petroleum,Energy,2022-05-18,-3.0807,137.35,1.815,2.0742,0.0,False,-1.7324
POWERGRID.NS,Power Grid Corp,Power,2022-05-18,-4.5045,143.03,1.0831,2.1723,47.3866,False,-1.3383
ULTRACEMCO.NS,UltraTech Cement,Cement,2022-05-19,-2.5851,5937.4,0.6848,1.7549,6.5724,True,-3.2663
HINDALCO.NS,Hindalco Industries,Metals,2022-05-19,-4.3797,405.22,0.6758,3.3748,14.2388,True,-2.1942
ADANIENT.NS,Adani Enterprises,Conglomerate,2022-05-19,-3.042,2110.98,0.5958,2.684,64.9668,True,-3.2321
JSWSTEEL.NS,JSW Steel,Metals,2022-05-19,-4.8887,573.72,1.4249,2.5777,5.4185,True,-8.0806
BHARTIARTL.NS,Bharti Airtel,Telecom,2022-05-19,-3.1459,658.98,1.1014,1.462,32.1487,True,2.8773
KOTAKBANK.NS,Kotak Mahindra Bank,Banking,2022-05-19,-3.433,355.37,1.0382,1.561,8.6885,True,7.0231
BAJAJFINSV.NS,Bajaj Finserv,Finance,2022-05-19,-2.7292,1238.9,0.9466,2.0418,11.1944,True,0.5147
TITAN.NS,Titan Company,Consumer,2022-05-19,-2.5291,2084.59,0.7431,2.1898,44.1815,True,1.4205
APOLLOHOSP.NS,Apollo Hospitals,Healthcare,2022-05-19,-2.763,3587.11,0.8221,2.4284,15.3894,True,0.8536
INDUSINDBK.NS,IndusInd Bank,Banking,2022-05-19,-4.0857,840.67,0.8043,2.8202,3.8171,True,3.6191
DIVISLAB.NS,Divi's Laboratories,Pharma,2022-05-19,-3.8359,4090.08,0.7459,2.0467,6.6694,True,-17.8725
ADANIPORTS.NS,Adani Ports,Infrastructure,2022-05-19,-3.5536,716.33,0.487,3.0951,14.0723,True,-4.2713
TCS.NS,Tata Consultancy Services,IT,2022-05-19,-5.4178,2859.67,2.2702,1.6438,7.7499,True,-0.4066
WIPRO.NS,Wipro,IT,2022-05-19,-6.2545,210.49,1.4059,2.0769,0.0,True,0.4876
TATASTEEL.NS,Tata Steel,Metals,2022-05-19,-4.9227,98.77,0.8463,3.1729,6.0169,True,-6.2514
HDFCLIFE.NS,HDFC Life Insurance,Insurance,2022-05-19,-3.8727,522.27,0.9612,2.0036,5.005,True,9.3342
TATACONSUM.NS,Tata Consumer Products,FMCG,2022-05-19,-4.3749,692.04,0.8303,2.0622,13.3306,True,0.1317
HCLTECH.NS,HCL Technologies,IT,2022-05-19,-5.9886,856.83,1.3454,2.0389,13.8263,True,-2.8433
TRENT.NS,Trent Limited,Retail,2022-05-19,-4.4606,1032.43,1.8296,2.709,30.5322,True,1.294
INFY.NS,Infosys,IT,2022-05-19,-5.4366,1281.16,2.176,2.0354,9.4731,True,-0.2242
DIVISLAB.NS,Divi's Laboratories,Pharma,2022-05-23,-9.4522,3796.61,4.5726,2.9432,0.0,False,-8.502
JSWSTEEL.NS,JSW Steel,Metals,2022-05-23,-13.2388,523.39,3.5413,4.05,0.0,False,-1.5889
ONGC.NS,Oil & Natural Gas Corp,Energy,2022-05-23,-4.2001,120.82,1.1052,2.8315,49.7938,False,-7.1244
HINDALCO.NS,Hindalco Industries,Metals,2022-05-23,-3.7171,401.48,1.0607,3.4474,13.1841,False,0.8714
ULTRACEMCO.NS,UltraTech Cement,Cement,2022-05-23,-3.4649,5784.58,1.3129,1.876,3.8293,False,3.1498
TATASTEEL.NS,Tata Steel,Metals,2022-05-23,-12.6132,90.03,3.0609,4.3224,0.0,False,2.395
DIVISLAB.NS,Divi's Laboratories,Pharma,2022-05-24,-6.0597,3566.55,6.9827,3.1741,0.0,False,-1.9226
ASIANPAINT.NS,Asian Paints,Consumer,2022-05-24,-2.7519,2972.78,0.5963,1.8386,13.9711,False,-7.3602
GRASIM.NS,Grasim Industries,Cement,2022-05-24,-3.7498,1370.66,2.4182,1.6721,2.9512,False,1.8428
ONGC.NS,Oil & Natural Gas Corp,Energy,2022-05-24,-2.8691,117.35,1.1503,2.8462,45.4961,False,0.3983
HCLTECH.NS,HCL Technologies,IT,2022-05-24,-2.6073,841.84,1.0969,2.1437,11.5638,False,4.9408
HINDUNILVR.NS,Hindustan Unilever,FMCG,2022-05-24,-2.9477,2152.48,1.4535,2.0275,18.8122,False,1.8877
HINDALCO.NS,Hindalco Industries,Metals,2022-05-24,-2.9892,389.48,0.8545,3.425,9.8008,False,5.4266
ASIANPAINT.NS,Asian Paints,Consumer,2022-05-25,-8.06,2733.17,2.7197,2.5669,4.785,False,0.5091
APOLLOHOSP.NS,Apollo Hospitals,Healthcare,2022-05-25,-2.9559,3480.94,0.539,2.443,11.9739,False,8.9294
DIVISLAB.NS,Divi's Laboratories,Pharma,2022-05-25,-3.8875,3427.89,2.0145,3.1388,0.0,False,1.0172
TCS.NS,Tata Consultancy Services,IT,2022-05-25,-3.0113,2795.71,1.6218,1.6833,4.6387,False,5.9208
ADANIPORTS.NS,Adani Ports,Infrastructure,2022-05-25,-5.8831,691.98,1.0226,2.9729,10.1962,False,4.0966
TRENT.NS,Trent Limited,Retail,2022-05-25,-3.5273,1034.82,0.6134,2.82,28.4758,False,6.8886
LT.NS,Larsen & Toubro,Capital Goods,2022-05-25,-3.1698,1496.64,0.6383,2.1147,12.3074,False,4.6515
ADANIENT.NS,Adani Enterprises,Conglomerate,2022-05-25,-3.9834,2070.46,0.937,2.5865,61.7996,False,3.7003
WIPRO.NS,Wipro,IT,2022-05-25,-3.283,207.55,0.9076,2.2616,0.0,False,5.8222
ONGC.NS,Oil & Natural Gas Corp,Energy,2022-05-27,-5.3325,112.02,2.8333,3.0625,38.8804,False,5.4242
KOTAKBANK.NS,Kotak Mahindra Bank,Banking,2022-05-31,-2.9608,368.02,3.6255,1.8051,12.5555,False,0.6119
SUNPHARMA.NS,Sun Pharmaceutical,Pharma,2022-05-31,-3.1183,827.76,5.6648,1.8644,30.8177,False,-1.435
BAJAJ-AUTO.NS,Bajaj Auto,Auto,2022-06-01,-3.7266,3365.66,1.6383,1.498,19.8023,False,1.9905
BRITANNIA.NS,Britannia Industries,FMCG,2022-06-01,-2.6454,3344.31,0.6477,1.7383,14.7617,False,-5.3445
NESTLEIND.NS,Nestle India,FMCG,2022-06-01,-2.5433,828.41,0.6205,1.9338,7.1286,False,-3.0032
APOLLOHOSP.NS,Apollo Hospitals,Healthcare,2022-06-01,-3.5257,3791.76,0.9789,2.7644,21.9725,False,-5.2826
BAJAJFINSV.NS,Bajaj Finserv,Finance,2022-06-01,-2.6086,1257.14,0.857,1.8477,9.0044,False,-1.0447
HINDALCO.NS,Hindalco Industries,Metals,2022-06-01,-2.8162,399.05,0.8033,3.5167,12.4992,False,-1.7411
HEROMOTOCO.NS,Hero MotoCorp,Auto,2022-06-02,-3.4269,2320.75,1.3493,1.9438,21.1216,False,-2.4408
APOLLOHOSP.NS,Apollo Hospitals,Healthcare,2022-06-02,-5.0469,3600.4,2.2237,2.9579,15.1077,False,0.6803
GRASIM.NS,Grasim Industries,Cement,2022-06-03,-6.4989,1308.81,3.7383,2.2129,0.0,False,-0.9668
HEROMOTOCO.NS,Hero MotoCorp,Auto,2022-06-03,-2.9796,2251.6,1.0414,2.0093,17.5126,False,0.7044
MARUTI.NS,Maruti Suzuki,Auto,2022-06-03,-2.7803,7431.89,0.8812,1.9932,16.5912,False,2.9857
CIPLA.NS,Cipla,Pharma,2022-06-03,-2.6492,930.69,0.494,1.6155,11.7124,False,0.6088
ULTRACEMCO.NS,UltraTech Cement,Cement,2022-06-03,-5.4762,5552.42,4.508,2.1679,0.0,False,-2.9548
NTPC.NS,NTPC Limited,Power,2022-06-03,-2.5464,136.67,0.6255,2.1091,48.8015,False,0.1613
BPCL.NS,Bharat Petroleum,Energy,2022-06-06,-2.6817,132.16,0.9503,1.4266,0.0,False,-0.4384
BRITANNIA.NS,Britannia Industries,FMCG,2022-06-07,-3.1072,3186.24,1.0309,1.7287,9.3375,False,-0.0177
LT.NS,Larsen & Toubro,Capital Goods,2022-06-07,-3.0941,1510.61,0.8798,2.2881,9.5696,False,-2.8186
TITAN.NS,Titan Company,Consumer,2022-06-07,-4.4461,2073.59,1.8786,2.1548,25.9926,False,0.0571
HINDUNILVR.NS,Hindustan Unilever,FMCG,2022-06-07,-3.0213,2061.1,1.024,1.7581,13.7684,False,-1.8358
ASIANPAINT.NS,Asian Paints,Consumer,2022-06-07,-2.5821,2643.27,0.9122,2.3732,1.3384,False,-3.4289
DRREDDY.NS,Dr. Reddy's Laboratories,Pharma,2022-06-07,-3.7578,806.83,1.2234,2.2011,11.4309,False,4.0324
BHARTIARTL.NS,Bharti Airtel,Telecom,2022-06-08,-3.2103,648.28,1.5657,1.6465,29.2937,False,2.8343
TATASTEEL.NS,Tata Steel,Metals,2022-06-09,-3.8555,91.96,1.0491,4.1163,4.5791,False,-9.0438
RELIANCE.NS,Reliance Industries,Energy,2022-06-10,-3.0192,1235.02,0.9746,2.3106,33.3587,True,-4.5777
KOTAKBANK.NS,Kotak Mahindra Bank,Banking,2022-06-10,-3.9352,357.05,0.7877,1.8728,9.2005,True,-6.5967
INFY.NS,Infosys,IT,2022-06-10,-2.5215,1339.77,0.7747,2.2166,6.5619,True,-6.0604
HINDALCO.NS,Hindalco Industries,Metals,2022-06-10,-3.5022,374.85,1.0091,3.1085,5.6778,True,-13.4932
BAJFINANCE.NS,Bajaj Finance,Finance,2022-06-10,-3.9171,556.06,1.8047,1.7896,2.7512,True,-4.3749
WIPRO.NS,Wipro,IT,2022-06-10,-2.9681,215.06,1.2775,2.3568,3.6192,True,-12.0946
BAJAJFINSV.NS,Bajaj Finserv,Finance,2022-06-13,-7.0792,1136.32,1.5699,2.2788,0.0,True,2.8421
ADANIENT.NS,Adani Enterprises,Conglomerate,2022-06-13,-5.5989,2076.05,1.0405,2.7365,52.2846,True,0.0048
ONGC.NS,Oil & Natural Gas Corp,Energy,2022-06-13,-3.0975,124.29,0.4616,2.9973,54.0916,True,-15.7631
SHRIRAMFIN.NS,Shriram Finance,Finance,2022-06-13,-2.6946,212.12,0.9013,1.6008,12.2732,True,0.4409
HINDALCO.NS,Hindalco Industries,Metals,2022-06-13,-5.0032,356.1,0.8562,3.2972,0.3905,True,-12.2663
ICICIBANK.NS,ICICI Bank,Banking,2022-06-13,-4.4444,667.37,1.4161,1.8558,10.4553,True,-0.298
BPCL.NS,Bharat Petroleum,Energy,2022-06-13,-3.9426,131.58,0.7248,1.7586,0.0,True,-6.8879
NTPC.NS,NTPC Limited,Power,2022-06-13,-4.0902,131.29,0.8886,1.9531,39.7125,True,-7.824
TATASTEEL.NS,Tata Steel,Metals,2022-06-13,-3.1015,87.31,0.8608,4.1623,0.0,True,-8.4751
TATACONSUM.NS,Tata Consumer Products,FMCG,2022-06-13,-2.7293,711.71,0.8135,1.8306,12.4202,True,-2.5953
INDUSINDBK.NS,IndusInd Bank,Banking,2022-06-13,-5.2289,839.89,1.6143,2.0759,3.7212,True,-9.4055
KOTAKBANK.NS,Kotak Mahindra Bank,Banking,2022-06-13,-3.0388,346.2,0.6533,1.9422,5.8821,True,-3.3471
COALINDIA.NS,Coal India,Energy,2022-06-13,-3.7531,141.12,0.5626,2.377,59.6749,True,-7.4326
TCS.NS,Tata Consultancy Services,IT,2022-06-13,-4.1757,2841.56,1.2317,2.2246,2.7076,True,-3.3296
WIPRO.NS,Wipro,IT,2022-06-13,-3.2216,208.13,1.0091,2.461,0.281,True,-7.05
ULTRACEMCO.NS,UltraTech Cement,Cement,2022-06-13,-2.8107,5236.9,0.755,2.0338,0.0,True,-0.4266
LT.NS,Larsen & Toubro,Capital Goods,2022-06-13,-3.3468,1456.06,1.1228,2.2665,5.6127,True,-3.9326
ADANIPORTS.NS,Adani Ports,Infrastructure,2022-06-13,-4.2883,679.62,0.9066,2.7655,8.2271,True,-4.617
BAJFINANCE.NS,Bajaj Finance,Finance,2022-06-13,-5.4565,525.72,1.5865,2.1077,0.0,True,2.094
GRASIM.NS,Grasim Industries,Cement,2022-06-13,-2.5594,1262.98,0.7539,2.2355,0.0,True,1.8142
SBIN.NS,State Bank of India,Banking,2022-06-13,-3.4643,414.2,1.0455,1.7794,11.3371,True,-2.5008
BEL.NS,Bharat Electronics,Defence,2022-06-13,-4.5399,75.05,0.7659,2.1194,64.5442,True,-3.5457
INFY.NS,Infosys,IT,2022-06-13,-3.5414,1292.32,0.8266,2.3447,2.6174,True,-0.7266
BAJAJ-AUTO.NS,Bajaj Auto,Auto,2022-06-14,-5.1401,3330.96,2.8307,2.0538,18.5673,False,-0.9914
ONGC.NS,Oil & Natural Gas Corp,Energy,2022-06-15,-2.9176,117.94,0.6135,2.7491,46.2204,False,-10.9313
HINDALCO.NS,Hindalco Industries,Metals,2022-06-16,-5.986,326.6,1.2943,2.4377,0.0,True,-5.5043
GRASIM.NS,Grasim Industries,Cement,2022-06-16,-3.503,1255.65,0.5794,2.3241,0.0,True,2.4124
TATASTEEL.NS,Tata Steel,Metals,2022-06-16,-6.0289,83.64,1.264,3.8131,0.0,True,-6.6985
HCLTECH.NS,HCL Technologies,IT,2022-06-16,-2.5204,819.1,1.1356,1.7625,3.6652,True,0.6529
COALINDIA.NS,Coal India,Energy,2022-06-16,-5.3407,132.88,1.0467,2.0773,50.3559,True,-1.5286
CIPLA.NS,Cipla,Pharma,2022-06-16,-2.8747,911.32,1.0226,1.5999,9.3874,True,-0.8077
JSWSTEEL.NS,JSW Steel,Metals,2022-06-16,-3.0462,521.76,0.6743,3.775,3.2927,True,2.3999
POWERGRID.NS,Power Grid Corp,Power,2022-06-16,-2.6547,135.78,0.9688,1.2139,39.917,True,-3.6053
INDUSINDBK.NS,IndusInd Bank,Banking,2022-06-16,-3.9962,785.69,1.3962,2.068,0.0,True,-3.0447
HEROMOTOCO.NS,Hero MotoCorp,Auto,2022-06-16,-3.3106,2195.22,0.7194,1.9486,14.57,True,6.1551
ADANIPORTS.NS,Adani Ports,Infrastructure,2022-06-16,-3.1332,666.37,0.9052,2.4895,6.1178,True,-0.9388
NTPC.NS,NTPC Limited,Power,2022-06-16,-3.51,126.05,0.8411,2.1474,34.1297,True,-4.5121
BEL.NS,Bharat Electronics,Defence,2022-06-16,-3.2271,74.06,0.7869,2.1783,62.3782,True,-2.3666
KOTAKBANK.NS,Kotak Mahindra Bank,Banking,2022-06-16,-3.5039,333.93,0.8906,1.9033,2.1309,True,0.4953
WIPRO.NS,Wipro,IT,2022-06-16,-4.0445,197.03,1.3156,1.998,0.0,True,-0.7696
BHARTIARTL.NS,Bharti Airtel,Telecom,2022-06-16,-4.0903,639.39,1.1707,1.6366,27.5199,True,0.9172
BAJFINANCE.NS,Bajaj Finance,Finance,2022-06-16,-3.6655,518.43,1.6788,2.1205,0.0,True,3.1085
BAJAJFINSV.NS,Bajaj Finserv,Finance,2022-06-16,-2.8604,1144.89,1.2349,2.4115,1.1944,True,0.7056
ONGC.NS,Oil & Natural Gas Corp,Energy,2022-06-16,-5.185,111.82,0.9221,2.9373,38.639,True,-6.0954
ADANIENT.NS,Adani Enterprises,Conglomerate,2022-06-16,-4.6507,2079.29,1.052,3.0118,52.5225,True,1.313
ULTRACEMCO.NS,UltraTech Cement,Cement,2022-06-16,-2.73,5187.13,1.215,1.9505,0.0,True,1.9801
BPCL.NS,Bharat Petroleum,Energy,2022-06-17,-3.4173,124.56,1.3354,1.6193,0.0,False,2.1761
CIPLA.NS,Cipla,Pharma,2022-06-17,-2.7844,885.95,1.4582,1.3711,6.3415,False,2.0716
DRREDDY.NS,Dr. Reddy's Laboratories,Pharma,2022-06-17,-3.284,807.37,1.9581,1.6594,11.5049,False,3.9296
TITAN.NS,Titan Company,Consumer,2022-06-17,-6.0409,1911.37,3.27,2.2509,16.1359,False,5.6366
ASIANPAINT.NS,Asian Paints,Consumer,2022-06-17,-2.9069,2499.17,1.1646,2.2366,0.0,False,7.0033
HDFCLIFE.NS,HDFC Life Insurance,Insurance,2022-06-17,-3.4616,545.62,1.3092,1.7793,9.7005,False,1.9336
SUNPHARMA.NS,Sun Pharmaceutical,Pharma,2022-06-17,-2.6025,763.12,1.4028,1.4009,20.6028,False,3.9324
TRENT.NS,Trent Limited,Retail,2022-06-17,-3.177,1040.65,1.2952,2.1694,23.1978,False,1.4275
WIPRO.NS,Wipro,IT,2022-06-17,-4.0492,189.05,2.7552,2.0939,0.0,False,3.344
ONGC.NS,Oil & Natural Gas Corp,Energy,2022-06-20,-4.9841,104.69,1.0031,2.9721,29.802,False,5.2827
COALINDIA.NS,Coal India,Energy,2022-06-20,-3.1755,130.63,1.5454,2.1285,47.8068,False,2.9403
HINDALCO.NS,Hindalco Industries,Metals,2022-06-20,-3.656,312.42,1.5268,2.2536,0.0,False,2.6283
INDUSINDBK.NS,IndusInd Bank,Banking,2022-06-20,-2.8318,760.89,1.3534,1.9118,0.0,False,5.0316
TATASTEEL.NS,Tata Steel,Metals,2022-06-20,-4.9961,79.91,1.5009,2.6043,0.0,False,0.7488
BEL.NS,Bharat Electronics,Defence,2022-06-20,-3.2169,72.39,0.7872,2.1608,58.71,False,5.6791
ADANIPORTS.NS,Adani Ports,Infrastructure,2022-06-22,-3.0184,653.28,0.671,2.1367,2.0539,True,1.4215
BAJAJFINSV.NS,Bajaj Finserv,Finance,2022-06-22,-2.6753,1141.26,0.8682,2.506,0.8737,True,-2.849
HINDALCO.NS,Hindalco Industries,Metals,2022-06-22,-6.7207,307.51,1.3654,2.9791,0.0,True,8.7534
RELIANCE.NS,Reliance Industries,Energy,2022-06-22,-3.0378,1140.08,0.5809,1.9886,23.1072,True,2.9753
INDUSINDBK.NS,IndusInd Bank,Banking,2022-06-22,-2.6538,754.68,1.3177,2.0502,0.0,True,4.0056
TATASTEEL.NS,Tata Steel,Metals,2022-06-22,-5.278,77.75,1.1716,2.9083,0.0,True,5.1903
HCLTECH.NS,HCL Technologies,IT,2022-06-22,-2.5644,816.0,0.9359,1.7756,3.273,True,2.7307
TATACONSUM.NS,Tata Consumer Products,FMCG,2022-06-22,-2.5163,685.6,0.7446,1.4564,8.2958,True,1.5586
COALINDIA.NS,Coal India,Energy,2022-06-22,-2.9491,132.48,0.439,2.4465,49.8963,True,5.2411
WIPRO.NS,Wipro,IT,2022-06-22,-3.2694,191.87,1.0542,2.249,1.4931,True,2.31
ADANIENT.NS,Adani Enterprises,Conglomerate,2022-06-22,-3.3583,2085.48,0.8209,2.8516,52.9765,True,6.2656
ONGC.NS,Oil & Natural Gas Corp,Energy,2022-06-22,-3.0553,105.05,1.0875,3.0949,30.2366,True,14.3122
JSWSTEEL.NS,JSW Steel,Metals,2022-06-22,-4.4776,526.11,1.2618,2.4065,4.1537,True,4.6603
TRENT.NS,Trent Limited,Retail,2022-06-22,-2.8041,1017.72,1.0259,2.0609,20.4832,True,8.6648
ASIANPAINT.NS,Asian Paints,Consumer,2022-06-28,-3.3482,2640.88,1.1617,1.9278,5.6701,False,1.4708
TITAN.NS,Titan Company,Consumer,2022-06-28,-3.5411,1942.56,1.8741,2.4838,18.0311,False,-0.7012
HINDUNILVR.NS,Hindustan Unilever,FMCG,2022-06-29,-3.633,2099.84,0.9702,1.7117,15.9068,False,11.8628
HDFCLIFE.NS,HDFC Life Insurance,Insurance,2022-06-29,-4.3644,536.16,1.6408,1.701,7.7985,False,2.9931
APOLLOHOSP.NS,Apollo Hospitals,Healthcare,2022-06-29,-3.2405,3667.31,0.8206,1.8407,8.0333,False,4.592
AXISBANK.NS,Axis Bank,Banking,2022-06-29,-2.6154,622.95,1.8609,1.1756,0.0,False,5.1794
EICHERMOT.NS,Eicher Motors,Auto,2022-06-30,-3.1958,2680.72,1.2975,2.0847,23.8603,False,5.3626
CIPLA.NS,Cipla,Pharma,2022-06-30,-3.2132,888.32,1.635,1.6547,6.6264,False,1.9679
TRENT.NS,Trent Limited,Retail,2022-06-30,-3.1643,1070.91,0.8226,2.1643,26.683,False,8.9745
BPCL.NS,Bharat Petroleum,Energy,2022-06-30,-2.5284,127.63,1.0814,1.8704,4.1716,False,6.8093
RELIANCE.NS,Reliance Industries,Energy,2022-07-01,-7.2024,1095.99,4.3401,2.2819,18.3462,False,-0.7182
POWERGRID.NS,Power Grid Corp,Power,2022-07-01,-2.5483,129.6,0.8398,1.1166,33.5469,False,5.9564
ONGC.NS,Oil & Natural Gas Corp,Energy,2022-07-01,-13.5269,102.09,3.0743,4.3648,26.5666,False,-7.2873
ONGC.NS,Oil & Natural Gas Corp,Energy,2022-07-04,-3.8535,98.15,1.9678,4.3898,21.6894,False,-0.3968
ONGC.NS,Oil & Natural Gas Corp,Energy,2022-07-06,-5.0628,94.22,1.358,4.2464,16.8121,False,2.8938
INFY.NS,Infosys,IT,2022-07-11,-2.7271,1336.46,0.8292,1.4079,6.1883,False,1.137
HCLTECH.NS,HCL Technologies,IT,2022-07-11,-4.0669,800.93,1.9738,1.6599,1.3661,False,-4.5838
BHARTIARTL.NS,Bharti Airtel,Telecom,2022-07-11,-4.9774,645.6,3.1398,2.0284,28.1081,False,0.3785
TCS.NS,Tata Consultancy Services,IT,2022-07-11,-4.6441,2748.18,2.6425,1.7675,0.8061,False,-1.3557
BPCL.NS,Bharat Petroleum,Energy,2022-07-11,-2.8897,130.73,1.4442,1.9356,6.705,False,-0.0317
EICHERMOT.NS,Eicher Motors,Auto,2022-07-12,-3.0458,2833.93,1.3743,2.3933,30.939,False,4.1858
HINDALCO.NS,Hindalco Industries,Metals,2022-07-12,-2.6109,337.1,1.012,3.2596,9.6224,False,6.068
INDUSINDBK.NS,IndusInd Bank,Banking,2022-07-13,-3.3056,794.86,3.3875,2.1998,5.3237,False,7.3561
BHARTIARTL.NS,Bharti Airtel,Telecom,2022-07-13,-2.9412,628.93,1.9467,2.0903,24.7658,False,4.2191
TATASTEEL.NS,Tata Steel,Metals,2022-07-15,-2.6652,81.98,0.8654,2.5026,5.4528,False,5.912
POWERGRID.NS,Power Grid Corp,Power,2022-07-15,-2.5832,131.35,1.4608,1.4962,35.3577,False,0.3344
RELIANCE.NS,Reliance Industries,Energy,2022-07-25,-3.3039,1101.31,1.0621,2.1352,18.921,False,6.3812
INFY.NS,Infosys,IT,2022-07-26,-3.4883,1316.5,1.3074,1.759,4.6025,False,6.3708
DRREDDY.NS,Dr. Reddy's Laboratories,Pharma,2022-07-26,-2.7375,825.71,1.3293,1.3124,14.0373,False,-3.0057
AXISBANK.NS,Axis Bank,Banking,2022-07-26,-2.8734,704.58,1.5072,1.6854,13.1045,False,3.3973
HINDUNILVR.NS,Hindustan Unilever,FMCG,2022-07-26,-2.9158,2394.73,0.7766,2.0219,32.1839,False,3.4608
DRREDDY.NS,Dr. Reddy's Laboratories,Pharma,2022-07-29,-3.9835,801.86,3.6566,1.6242,10.7436,False,1.6258
SHRIRAMFIN.NS,Shriram Finance,Finance,2022-07-29,-5.5581,258.12,1.9713,2.5334,36.6161,False,-1.2539
SUNPHARMA.NS,Sun Pharmaceutical,Pharma,2022-08-01,-2.5975,883.64,1.4092,1.6638,32.061,False,-0.9035
TATACONSUM.NS,Tata Consumer Products,FMCG,2022-08-04,-2.8914,763.26,7.4307,1.489,20.562,False,-3.2689
NTPC.NS,NTPC Limited,Power,2022-08-04,-3.1005,136.41,1.4434,1.2634,45.1547,False,4.4216
HINDALCO.NS,Hindalco Industries,Metals,2022-08-05,-2.5848,399.19,1.0498,2.0976,29.8151,False,5.3637
BEL.NS,Bharat Electronics,Defence,2022-08-05,-2.8154,88.0,2.5626,2.1186,66.6122,False,6.9543
BPCL.NS,Bharat Petroleum,Energy,2022-08-08,-3.1956,134.76,2.4355,1.3594,9.9983,False,8.4446
BAJFINANCE.NS,Bajaj Finance,Finance,2022-08-10,-2.6259,704.01,1.3493,2.6072,35.798,False,4.7396
APOLLOHOSP.NS,Apollo Hospitals,Healthcare,2022-08-12,-2.639,4259.69,2.7739,1.4313,22.3718,False,-6.419
DIVISLAB.NS,Divi's Laboratories,Pharma,2022-08-12,-5.6192,3657.15,5.5423,1.7161,8.8736,False,-3.9061
SHRIRAMFIN.NS,Shriram Finance,Finance,2022-08-12,-2.7097,255.91,1.029,2.4347,35.4477,False,-4.0279
APOLLOHOSP.NS,Apollo Hospitals,Healthcare,2022-08-19,-3.0774,4095.65,1.3308,1.5637,17.6593,True,1.9321
TATACONSUM.NS,Tata Consumer Products,FMCG,2022-08-19,-2.5871,761.03,0.7281,1.6528,20.2107,True,1.9061
TRENT.NS,Trent Limited,Retail,2022-08-19,-3.9402,1393.93,1.6193,1.8232,60.106,True,-0.54
BAJAJFINSV.NS,Bajaj Finserv,Finance,2022-08-19,-3.084,1626.08,0.993,2.915,48.9935,True,-0.0098
INDUSINDBK.NS,IndusInd Bank,Banking,2022-08-19,-3.7825,1040.21,0.7911,2.3577,37.8345,True,0.6066
TRENT.NS,Trent Limited,Retail,2022-08-22,-6.0115,1310.14,3.3789,2.3659,48.8644,True,3.5423
ULTRACEMCO.NS,UltraTech Cement,Cement,2022-08-22,-2.7085,6359.81,0.7531,1.8261,25.6374,True,0.5999
TATASTEEL.NS,Tata Steel,Metals,2022-08-22,-4.5434,97.45,0.9213,2.4845,25.343,True,-0.1904
WIPRO.NS,Wipro,IT,2022-08-22,-2.8789,195.95,0.9981,1.4433,6.6396,True,-3.7262
JSWSTEEL.NS,JSW Steel,Metals,2022-08-22,-3.2503,633.57,0.6537,1.3274,25.4266,True,1.0343
APOLLOHOSP.NS,Apollo Hospitals,Healthcare,2022-08-22,-2.6709,3986.26,1.317,1.6606,14.5167,True,5.6299
BAJFINANCE.NS,Bajaj Finance,Finance,2022-08-22,-2.7322,699.37,0.7021,2.8366,34.9015,True,-1.9409
ADANIENT.NS,Adani Enterprises,Conglomerate,2022-08-22,-2.511,3047.42,2.1016,1.7872,118.5765,True,2.9821
BAJAJFINSV.NS,Bajaj Finserv,Finance,2022-08-22,-2.5535,1584.56,0.7139,3.0343,45.189,True,1.3527
SHRIRAMFIN.NS,Shriram Finance,Finance,2022-08-22,-2.5244,245.6,0.8123,1.7524,29.992,True,0.9179
LT.NS,Larsen & Toubro,Capital Goods,2022-08-22,-2.8615,1810.26,1.4568,1.4014,29.4153,True,0.0452
GRASIM.NS,Grasim Industries,Cement,2022-08-22,-2.5999,1537.87,1.0117,1.4816,22.4754,True,6.3903
ADANIPORTS.NS,Adani Ports,Infrastructure,2022-08-22,-3.6189,827.05,2.7379,2.0671,29.2007,True,-0.4582
DIVISLAB.NS,Divi's Laboratories,Pharma,2022-08-22,-3.1262,3514.3,2.0541,1.8373,4.6209,True,0.0503
ASIANPAINT.NS,Asian Paints,Consumer,2022-08-22,-3.8133,3244.55,1.8718,1.5508,29.8252,True,-0.194
EICHERMOT.NS,Eicher Motors,Auto,2022-08-26,-3.6292,3240.09,1.5249,1.6641,49.7054,False,1.3532
KOTAKBANK.NS,Kotak Mahindra Bank,Banking,2022-08-29,-2.7365,368.87,1.4203,1.6262,12.7044,True,3.5514
TCS.NS,Tata Consultancy Services,IT,2022-08-29,-2.7823,2772.03,1.5231,1.1193,4.6066,True,-0.1756
HCLTECH.NS,HCL Technologies,IT,2022-08-29,-2.9768,787.56,1.5798,1.0992,5.0564,True,2.2125
JSWSTEEL.NS,JSW Steel,Metals,2022-08-29,-2.6087,640.12,0.9552,1.4888,26.7239,True,5.3802
WIPRO.NS,Wipro,IT,2022-08-29,-3.0917,188.65,1.8817,1.4066,2.666,True,0.0247
INFY.NS,Infosys,IT,2022-08-29,-3.9302,1326.12,1.7434,1.5154,5.3665,True,-0.4549
HINDALCO.NS,Hindalco Industries,Metals,2022-09-01,-3.8838,413.79,1.2789,2.1931,34.5616,True,-0.3318
RELIANCE.NS,Reliance Industries,Energy,2022-09-01,-2.9398,1168.81,1.6632,1.2157,15.3252,True,0.9764
ONGC.NS,Oil & Natural Gas Corp,Energy,2022-09-01,-2.8139,107.43,0.8453,1.6606,25.8268,True,-2.1158
BPCL.NS,Bharat Petroleum,Energy,2022-09-02,-2.8369,135.58,1.4222,1.6007,10.6617,False,5.1405
HINDALCO.NS,Hindalco Industries,Metals,2022-09-08,-2.8416,412.42,1.1638,2.2397,34.1151,False,0.9155
SHRIRAMFIN.NS,Shriram Finance,Finance,2022-09-09,-2.7434,247.7,0.7479,1.8441,31.1059,False,-3.0247
COALINDIA.NS,Coal India,Energy,2022-09-12,-2.5673,173.37,2.0452,1.4266,74.1691,False,-0.6911
TCS.NS,Tata Consultancy Services,IT,2022-09-14,-3.3737,2761.27,2.4451,1.4512,4.2009,False,-3.82
INFY.NS,Infosys,IT,2022-09-14,-4.5018,1338.5,2.7115,1.8342,6.3505,False,-6.6524
HINDALCO.NS,Hindalco Industries,Metals,2022-09-15,-3.9819,416.19,1.428,2.1557,35.3429,False,-2.8982
INFY.NS,Infosys,IT,2022-09-15,-2.8873,1299.85,2.2343,1.9005,3.2798,False,-4.5261
CIPLA.NS,Cipla,Pharma,2022-09-15,-2.5143,1005.63,0.6949,1.1307,20.7068,False,2.7678
BPCL.NS,Bharat Petroleum,Energy,2022-09-16,-3.0477,135.3,1.7582,1.5383,10.4383,True,-2.91
HCLTECH.NS,HCL Technologies,IT,2022-09-16,-2.5003,769.88,1.6368,1.3864,2.6976,True,-0.1171
ADANIPORTS.NS,Adani Ports,Infrastructure,2022-09-16,-3.1335,923.46,1.0868,2.158,44.262,True,-2.6007
HDFCLIFE.NS,HDFC Life Insurance,Insurance,2022-09-16,-3.5289,541.61,2.1042,1.4029,8.8939,True,-1.3352
HEROMOTOCO.NS,Hero MotoCorp,Auto,2022-09-16,-3.7666,2369.62,2.9249,1.364,23.6722,True,2.862
SHRIRAMFIN.NS,Shriram Finance,Finance,2022-09-16,-3.16,240.21,1.3772,1.8759,27.1403,True,-6.3004
GRASIM.NS,Grasim Industries,Cement,2022-09-16,-3.5226,1715.34,1.1227,1.5469,36.6093,True,-2.7055
HINDALCO.NS,Hindalco Industries,Metals,2022-09-16,-2.804,404.52,1.555,2.2363,31.548,True,-3.9151
TATACONSUM.NS,Tata Consumer Products,FMCG,2022-09-16,-5.0394,769.01,2.1236,1.8882,21.4709,True,-1.7166
INFY.NS,Infosys,IT,2022-09-16,-3.891,1249.28,3.142,2.0348,0.0,True,-0.8424
TCS.NS,Tata Consultancy Services,IT,2022-09-16,-3.0812,2662.43,2.3118,1.5591,0.4709,True,-0.8858
WIPRO.NS,Wipro,IT,2022-09-16,-3.2285,187.39,1.4277,1.4547,1.9804,True,-1.8175
NESTLEIND.NS,Nestle India,FMCG,2022-09-16,-3.1816,884.28,2.2139,1.0092,14.3526,True,0.4983
ULTRACEMCO.NS,UltraTech Cement,Cement,2022-09-16,-4.5456,6373.48,1.7025,1.8949,25.9075,True,-5.2682
ADANIPORTS.NS,Adani Ports,Infrastructure,2022-09-21,-3.8495,918.24,1.5229,1.9846,43.447,False,-11.341
ULTRACEMCO.NS,UltraTech Cement,Cement,2022-09-21,-2.6354,6208.62,1.2079,1.8826,22.6507,False,-2.2301
INDUSINDBK.NS,IndusInd Bank,Banking,2022-09-21,-3.1524,1197.67,1.3528,2.223,58.6983,False,-6.8082
ADANIENT.NS,Adani Enterprises,Conglomerate,2022-09-21,-5.071,3635.11,1.8752,2.2608,160.384,False,-2.5096
POWERGRID.NS,Power Grid Corp,Power,2022-09-22,-3.061,139.49,1.8486,1.4908,34.4221,False,-5.4975
HINDALCO.NS,Hindalco Industries,Metals,2022-09-23,-3.8219,388.68,0.9572,2.322,26.3977,True,-1.4634
BEL.NS,Bharat Electronics,Defence,2022-09-23,-3.0455,102.51,0.6117,1.7268,72.4999,True,-5.3446
INDUSINDBK.NS,IndusInd Bank,Banking,2022-09-23,-2.729,1157.66,0.9056,2.2721,53.3965,True,0.1563
AXISBANK.NS,Axis Bank,Banking,2022-09-23,-2.6102,766.57,1.1399,1.6555,23.0549,True,-4.6058
APOLLOHOSP.NS,Apollo Hospitals,Healthcare,2022-09-23,-4.1322,4376.03,1.9301,2.0248,25.714,True,-0.7933
ADANIPORTS.NS,Adani Ports,Infrastructure,2022-09-23,-3.4701,899.44,0.7565,2.0898,40.5101,True,-10.1937
POWERGRID.NS,Power Grid Corp,Power,2022-09-23,-7.9736,128.37,4.8532,2.2843,23.7037,True,4.7642
BAJFINANCE.NS,Bajaj Finance,Finance,2022-09-23,-2.7515,739.24,1.2622,1.8067,42.5932,True,-2.2832
SHRIRAMFIN.NS,Shriram Finance,Finance,2022-09-23,-4.2993,225.08,1.4733,1.9955,19.13,True,-0.4654
BAJAJFINSV.NS,Bajaj Finserv,Finance,2022-09-23,-2.8465,1719.07,0.6173,2.1875,57.5136,True,-2.5292
NTPC.NS,NTPC Limited,Power,2022-09-23,-2.7868,147.34,0.6493,1.6722,41.8294,True,-2.6227
TATACONSUM.NS,Tata Consumer Products,FMCG,2022-09-23,-2.6955,755.81,0.5659,1.853,19.3858,True,2.7254
SBIN.NS,State Bank of India,Banking,2022-09-23,-2.9438,511.52,1.0109,1.5141,27.4368,True,-3.6324
HDFCBANK.NS,HDFC Bank,Banking,2022-09-23,-2.6817,695.84,1.2179,1.4006,12.8658,True,-1.7149
TRENT.NS,Trent Limited,Retail,2022-09-23,-3.5715,1429.33,0.9627,1.9949,45.98,True,-0.9521
ONGC.NS,Oil & Natural Gas Corp,Energy,2022-09-26,-4.0047,98.46,0.9296,1.4764,4.4989,True,7.2499
ADANIPORTS.NS,Adani Ports,Infrastructure,2022-09-26,-5.5154,849.84,1.1158,2.4345,32.7604,True,-9.1499
AXISBANK.NS,Axis Bank,Banking,2022-09-26,-3.3828,740.64,1.1872,1.8371,18.8922,True,-2.673
BAJAJ-AUTO.NS,Bajaj Auto,Auto,2022-09-26,-3.3631,3355.39,1.0831,1.2459,19.4368,True,-1.6548
BAJFINANCE.NS,Bajaj Finance,Finance,2022-09-26,-3.2989,714.86,1.5963,1.9811,37.8893,True,-1.2081
BAJAJFINSV.NS,Bajaj Finserv,Finance,2022-09-26,-2.6192,1674.04,1.0655,2.2839,53.3881,True,-1.8011
COALINDIA.NS,Coal India,Energy,2022-09-26,-3.2982,161.38,0.9583,1.5072,60.0655,True,-0.2552
INDUSINDBK.NS,IndusInd Bank,Banking,2022-09-26,-2.8521,1124.64,1.08,2.3352,49.0215,True,0.5785
BEL.NS,Bharat Electronics,Defence,2022-09-26,-5.579,96.8,1.6373,2.0816,62.8761,True,-2.2344
RELIANCE.NS,Reliance Industries,Energy,2022-09-26,-2.5477,1085.25,1.0663,1.3439,6.6923,True,-0.3302
MARUTI.NS,Maruti Suzuki,Auto,2022-09-26,-5.4423,8577.84,1.3364,1.7477,31.3791,True,-3.2592
NTPC.NS,NTPC Limited,Power,2022-09-26,-3.2632,142.53,1.1899,1.7163,37.2013,True,1.1034
HDFCLIFE.NS,HDFC Life Insurance,Insurance,2022-09-26,-3.0957,517.83,1.0798,1.5944,4.1139,True,-0.7747
JSWSTEEL.NS,JSW Steel,Metals,2022-09-26,-3.4155,636.72,0.9077,1.4939,26.0509,True,-3.4977
APOLLOHOSP.NS,Apollo Hospitals,Healthcare,2022-09-26,-3.0723,4241.58,1.299,2.1499,21.8517,True,1.9263
HINDALCO.NS,Hindalco Industries,Metals,2022-09-26,-5.7903,366.18,1.3436,2.5563,19.0788,True,2.022
ITC.NS,ITC Limited,FMCG,2022-09-26,-3.9838,274.71,1.131,1.3595,64.7275,True,-2.4654
EICHERMOT.NS,Eicher Motors,Auto,2022-09-26,-4.6876,3395.04,1.1662,1.8951,56.8647,True,-1.4848
TATASTEEL.NS,Tata Steel,Metals,2022-09-26,-4.2665,92.62,1.5974,1.9214,19.1385,True,-1.5023
HEROMOTOCO.NS,Hero MotoCorp,Auto,2022-09-27,-3.0536,2328.19,1.0469,1.5055,21.5098,False,-0.6235
HINDALCO.NS,Hindalco Industries,Metals,2022-09-28,-3.4395,353.77,1.0539,2.5264,15.0447,False,14.3867
ITC.NS,ITC Limited,FMCG,2022-09-28,-2.9566,268.4,1.0994,1.4728,60.9386,False,3.6005
AXISBANK.NS,Axis Bank,Banking,2022-09-28,-2.8542,714.56,1.3422,1.7353,14.7056,False,5.3946
RELIANCE.NS,Reliance Industries,Energy,2022-09-28,-2.6625,1064.76,1.5159,1.3799,4.6773,False,3.8436
TATASTEEL.NS,Tata Steel,Metals,2022-09-28,-2.509,88.31,1.0887,1.7701,13.5903,False,8.771
JSWSTEEL.NS,JSW Steel,Metals,2022-09-28,-3.2182,607.51,0.9029,1.4213,20.2667,False,9.3998
ASIANPAINT.NS,Asian Paints,Consumer,2022-09-29,-5.2049,3278.5,2.6548,1.796,31.1836,False,-1.2142
HINDUNILVR.NS,Hindustan Unilever,FMCG,2022-10-03,-2.7425,2465.62,1.0023,1.1905,36.0968,True,-2.7397
ADANIENT.NS,Adani Enterprises,Conglomerate,2022-10-03,-8.6363,3152.98,1.8689,2.9427,125.8483,True,3.6946
MARUTI.NS,Maruti Suzuki,Auto,2022-10-03,-3.1847,8298.27,1.6617,1.8299,27.0972,True,1.6046
EICHERMOT.NS,Eicher Motors,Auto,2022-10-03,-5.6719,3344.63,2.8066,2.265,54.5355,True,-1.5982
TATACONSUM.NS,Tata Consumer Products,FMCG,2022-10-03,-3.1014,752.33,0.9041,1.8605,18.8359,True,-4.544
ADANIPORTS.NS,Adani Ports,Infrastructure,2022-10-03,-4.4172,772.08,1.3426,2.6889,20.613,True,1.6509
TATACONSUM.NS,Tata Consumer Products,FMCG,2022-10-10,-3.0414,732.21,1.2504,1.9655,15.6586,False,0.7924
DIVISLAB.NS,Divi's Laboratories,Pharma,2022-10-11,-5.0019,3437.3,3.0205,1.4866,2.3287,True,2.0002
JSWSTEEL.NS,JSW Steel,Metals,2022-10-11,-3.491,633.37,0.7658,2.0846,25.3876,True,-0.9335
SBILIFE.NS,SBI Life Insurance,Insurance,2022-10-11,-2.6588,1197.42,0.7701,1.2963,17.8886,True,1.0528
INFY.NS,Infosys,IT,2022-10-11,-2.6561,1291.69,1.4831,1.8684,4.2733,True,5.6118
INDUSINDBK.NS,IndusInd Bank,Banking,2022-10-11,-3.7759,1139.31,3.5358,2.753,50.9659,True,5.0361
HINDALCO.NS,Hindalco Industries,Metals,2022-10-11,-2.8098,388.39,0.6845,3.0722,26.302,True,-0.6565
EICHERMOT.NS,Eicher Motors,Auto,2022-10-11,-3.4998,3291.18,0.8497,2.4163,52.0658,True,6.0006
HCLTECH.NS,HCL Technologies,IT,2022-10-11,-2.559,805.68,1.0068,1.4104,7.4724,True,7.5219
NESTLEIND.NS,Nestle India,FMCG,2022-10-11,-3.4997,886.47,0.8441,1.3563,14.6369,True,5.0835
TATASTEEL.NS,Tata Steel,Metals,2022-10-11,-2.7616,93.09,0.6486,2.0719,19.7351,True,0.299
WIPRO.NS,Wipro,IT,2022-10-13,-7.072,176.87,4.8868,1.996,0.0,False,0.6331
INDUSINDBK.NS,IndusInd Bank,Banking,2022-10-20,-4.7973,1134.76,2.2039,2.5386,50.3631,False,-1.1164
BAJFINANCE.NS,Bajaj Finance,Finance,2022-10-21,-3.2244,708.28,2.2164,1.9725,36.6214,False,-0.6764
BEL.NS,Bharat Electronics,Defence,2022-10-21,-4.1204,99.53,0.9132,2.5046,67.4858,False,3.1869
HINDUNILVR.NS,Hindustan Unilever,FMCG,2022-10-24,-3.0446,2419.18,0.5177,1.4348,33.5332,False,-0.1624
HINDUNILVR.NS,Hindustan Unilever,FMCG,2022-10-25,-2.6311,2355.53,2.084,1.5305,30.0198,False,1.1893
KOTAKBANK.NS,Kotak Mahindra Bank,Banking,2022-10-25,-2.5952,368.19,1.91,1.5124,12.4973,False,3.4306
BAJAJFINSV.NS,Bajaj Finserv,Finance,2022-10-25,-2.5414,1655.82,1.0981,1.6407,51.7186,False,3.1262
NESTLEIND.NS,Nestle India,FMCG,2022-10-25,-2.839,974.52,1.1817,1.5795,26.0226,False,1.1157
SHRIRAMFIN.NS,Shriram Finance,Finance,2022-10-31,-3.5734,229.94,0.9723,1.8776,21.7044,False,4.8814
AXISBANK.NS,Axis Bank,Banking,2022-11-01,-3.7804,869.45,2.133,2.5318,39.5695,False,0.2237
BHARTIARTL.NS,Bharti Airtel,Telecom,2022-11-02,-3.0758,795.03,2.2306,1.34,26.923,False,1.9633
APOLLOHOSP.NS,Apollo Hospitals,Healthcare,2022-11-02,-2.8428,4341.02,1.6306,1.3119,24.7083,False,-2.2279
HINDALCO.NS,Hindalco Industries,Metals,2022-11-03,-2.5991,402.41,0.96,1.9487,30.8623,False,4.752
TRENT.NS,Trent Limited,Retail,2022-11-04,-2.5558,1501.46,1.0586,1.7862,51.1497,False,-5.2424
DIVISLAB.NS,Divi's Laboratories,Pharma,2022-11-07,-8.8554,3351.28,4.7765,2.9332,0.0,False,-2.5757
DIVISLAB.NS,Divi's Laboratories,Pharma,2022-11-09,-3.3914,3237.62,4.318,3.003,0.0,False,-0.2713
HINDALCO.NS,Hindalco Industries,Metals,2022-11-09,-4.6629,409.03,1.6769,2.2725,33.0149,False,7.2644
POWERGRID.NS,Power Grid Corp,Power,2022-11-09,-4.057,138.63,1.4827,1.7309,29.1199,False,1.6195
AXISBANK.NS,Axis Bank,Banking,2022-11-10,-3.4337,841.47,1.3418,2.5811,35.0786,False,1.7186
TITAN.NS,Titan Company,Consumer,2022-11-10,-2.8366,2616.01,1.063,1.0457,36.8873,False,-2.234
BAJAJFINSV.NS,Bajaj Finserv,Finance,2022-11-10,-2.9868,1697.56,0.9811,1.889,55.5423,False,-2.1025
EICHERMOT.NS,Eicher Motors,Auto,2022-11-11,-4.8962,3399.0,3.6715,1.7913,57.0476,False,-3.6765
TRENT.NS,Trent Limited,Retail,2022-11-11,-3.5251,1414.77,4.27,2.003,42.423,False,-2.5369
ITC.NS,ITC Limited,FMCG,2022-11-14,-2.5677,286.77,1.1903,1.189,71.9585,False,-2.8802
DRREDDY.NS,Dr. Reddy's Laboratories,Pharma,2022-11-14,-3.8727,855.43,1.4946,1.3385,18.1431,False,-0.3163
APOLLOHOSP.NS,Apollo Hospitals,Healthcare,2022-11-16,-2.8773,4436.24,0.9178,1.7617,27.4439,False,2.8119
BEL.NS,Bharat Electronics,Defence,2022-11-18,-2.9385,103.19,1.2445,1.8956,73.6321,False,-0.1863
ADANIENT.NS,Adani Enterprises,Conglomerate,2022-11-23,-3.24,3897.95,1.2072,2.4259,152.9168,False,0.374
SHRIRAMFIN.NS,Shriram Finance,Finance,2022-12-01,-4.6778,240.74,1.2718,2.7678,27.4176,False,3.9904
EICHERMOT.NS,Eicher Motors,Auto,2022-12-02,-3.072,3217.64,1.8969,1.6149,48.668,False,0.7909
BPCL.NS,Bharat Petroleum,Energy,2022-12-06,-2.9107,138.36,1.3566,1.7422,12.9303,False,5.3569
TATASTEEL.NS,Tata Steel,Metals,2022-12-06,-2.5032,104.78,1.0744,1.5915,34.7691,False,-1.5494
SUNPHARMA.NS,Sun Pharmaceutical,Pharma,2022-12-08,-3.6306,946.47,4.4799,1.1037,34.5431,False,2.1819
INFY.NS,Infosys,IT,2022-12-09,-3.1386,1439.25,1.8853,1.3113,16.1852,False,-3.0013
HCLTECH.NS,HCL Technologies,IT,2022-12-09,-6.7054,890.81,3.9737,1.7765,18.8292,False,0.2092
TITAN.NS,Titan Company,Consumer,2022-12-15,-2.6398,2498.83,1.4738,0.957,30.7556,True,-1.5737
DRREDDY.NS,Dr. Reddy's Laboratories,Pharma,2022-12-16,-3.5769,844.74,6.6102,1.2248,16.6662,False,0.0313
ADANIPORTS.NS,Adani Ports,Infrastructure,2022-12-16,-2.6585,846.93,1.6474,1.1229,32.3068,False,-7.7111
BEL.NS,Bharat Electronics,Defence,2022-12-16,-3.6804,95.59,2.5217,1.3207,60.8543,False,-2.916
SBILIFE.NS,SBI Life Insurance,Insurance,2022-12-20,-2.86,1222.13,1.4549,1.1698,20.322,False,0.796
TRENT.NS,Trent Limited,Retail,2022-12-21,-3.2569,1362.28,1.3658,1.0972,35.7917,True,-1.4637
ADANIPORTS.NS,Adani Ports,Infrastructure,2022-12-21,-3.0082,844.18,1.0177,1.489,31.8762,True,-5.5151
ADANIENT.NS,Adani Enterprises,Conglomerate,2022-12-21,-6.3225,3896.6,1.9708,1.8412,152.8293,True,-2.6717
INDUSINDBK.NS,IndusInd Bank,Banking,2022-12-23,-2.7369,1122.93,0.9284,1.4721,48.7946,True,6.2944
WIPRO.NS,Wipro,IT,2022-12-23,-2.8553,176.19,1.1225,1.0686,0.6798,True,3.9984
HINDALCO.NS,Hindalco Industries,Metals,2022-12-23,-5.697,421.24,1.1172,2.311,36.9853,True,10.1967
HEROMOTOCO.NS,Hero MotoCorp,Auto,2022-12-23,-3.3306,2326.95,0.6971,1.4282,21.4454,True,3.8682
RELIANCE.NS,Reliance Industries,Energy,2022-12-23,-2.9327,1142.25,0.8798,1.337,12.2954,True,1.7984
SBIN.NS,State Bank of India,Banking,2022-12-23,-3.2693,533.26,1.2884,1.2438,32.4002,True,6.9164
TATASTEEL.NS,Tata Steel,Metals,2022-12-23,-5.0163,94.85,1.039,1.9833,22.0022,True,10.1711
BAJAJFINSV.NS,Bajaj Finserv,Finance,2022-12-23,-3.0596,1494.59,1.052,1.3289,36.9451,True,3.3933
EICHERMOT.NS,Eicher Motors,Auto,2022-12-23,-2.8821,3006.92,0.8231,1.7259,38.9318,True,3.6645
COALINDIA.NS,Coal India,Energy,2022-12-23,-3.4351,171.45,0.9579,1.2053,65.4062,True,4.6501
TRENT.NS,Trent Limited,Retail,2022-12-23,-3.6061,1280.53,2.492,1.3554,27.1964,True,5.2126
SHRIRAMFIN.NS,Shriram Finance,Finance,2022-12-23,-2.8296,243.48,0.2562,2.209,28.8681,True,5.7933
ADANIPORTS.NS,Adani Ports,Infrastructure,2022-12-23,-7.3288,781.62,1.898,2.1886,22.1045,True,3.0223
ADANIENT.NS,Adani Enterprises,Conglomerate,2022-12-23,-5.851,3637.21,1.641,2.2582,135.9986,True,5.9346
SHRIRAMFIN.NS,Shriram Finance,Finance,2022-12-29,-5.4983,245.49,4.0965,2.0426,29.9326,False,1.6836
COALINDIA.NS,Coal India,Energy,2023-01-04,-3.1013,173.12,1.9889,1.4889,65.4203,True,-1.7269
HINDALCO.NS,Hindalco Industries,Metals,2023-01-04,-3.8341,452.57,1.4725,2.5929,47.1743,True,6.3814
JSWSTEEL.NS,JSW Steel,Metals,2023-01-04,-4.1151,725.56,1.5316,1.6555,43.6373,True,2.4311
TRENT.NS,Trent Limited,Retail,2023-01-04,-2.9687,1303.46,1.1721,1.9624,29.4741,True,-7.3964
BAJAJFINSV.NS,Bajaj Finserv,Finance,2023-01-05,-5.1039,1466.44,3.4214,1.8701,34.3655,False,-5.5179
BAJFINANCE.NS,Bajaj Finance,Finance,2023-01-05,-7.1671,600.68,4.9671,1.8761,15.8663,False,-3.3057
TCS.NS,Tata Consultancy Services,IT,2023-01-06,-3.0065,2849.29,1.7533,1.186,7.9748,False,5.0754
JSWSTEEL.NS,JSW Steel,Metals,2023-01-06,-2.9772,717.72,1.7498,1.8289,42.0864,False,5.5125
BAJAJFINSV.NS,Bajaj Finserv,Finance,2023-01-06,-2.6211,1428.0,2.7127,1.925,30.8436,False,-2.7406
INDUSINDBK.NS,IndusInd Bank,Banking,2023-01-06,-2.7923,1156.24,1.1168,1.758,53.2085,False,4.442
EICHERMOT.NS,Eicher Motors,Auto,2023-01-10,-2.9118,3058.97,1.1483,1.7131,41.3369,True,0.3915
ADANIENT.NS,Adani Enterprises,Conglomerate,2023-01-10,-5.4055,3641.9,2.0022,2.5291,136.3032,True,-0.207
BHARTIARTL.NS,Bharti Airtel,Telecom,2023-01-10,-3.2402,778.34,2.0219,1.513,24.2587,True,-3.4244
BHARTIARTL.NS,Bharti Airtel,Telecom,2023-01-11,-3.4433,751.54,5.464,1.6651,19.9801,False,1.4369
CIPLA.NS,Cipla,Pharma,2023-01-11,-2.8831,1019.54,1.598,1.3662,21.3545,False,1.5082
DIVISLAB.NS,Divi's Laboratories,Pharma,2023-01-11,-2.5815,3348.24,0.5469,1.599,4.4551,False,-0.6727
DIVISLAB.NS,Divi's Laboratories,Pharma,2023-01-12,-3.1116,3244.05,1.9695,1.7393,1.2049,False,2.3205
ADANIENT.NS,Adani Enterprises,Conglomerate,2023-01-16,-2.7236,3614.84,0.998,2.5539,134.5472,False,-5.068
ADANIENT.NS,Adani Enterprises,Conglomerate,2023-01-19,-3.702,3458.81,2.0465,2.229,124.4229,False,-20.2711
ASIANPAINT.NS,Asian Paints,Consumer,2023-01-19,-2.6857,2780.15,2.3755,0.9098,11.2428,False,-5.0067
BAJFINANCE.NS,Bajaj Finance,Finance,2023-01-20,-2.5289,577.08,0.687,1.8868,11.3143,False,2.7541
ASIANPAINT.NS,Asian Paints,Consumer,2023-01-20,-2.7336,2704.15,2.8857,1.0458,8.2018,False,-0.7748
HINDUNILVR.NS,Hindustan Unilever,FMCG,2023-01-20,-3.8117,2412.36,3.1731,1.448,33.157,False,0.7612
ULTRACEMCO.NS,UltraTech Cement,Cement,2023-01-23,-4.5617,6735.69,2.7431,1.4257,33.063,False,3.4425
ADANIPORTS.NS,Adani Ports,Infrastructure,2023-01-25,-6.3124,701.95,4.0724,1.6533,9.6572,True,-35.1539
HDFCBANK.NS,HDFC Bank,Banking,2023-01-25,-2.7632,793.28,1.1677,1.2223,28.6701,True,-2.7477
INDUSINDBK.NS,IndusInd Bank,Banking,2023-01-25,-4.6317,1131.05,1.0906,1.7159,49.8706,True,-6.9411
CIPLA.NS,Cipla,Pharma,2023-01-25,-2.5326,1007.52,1.9966,1.2261,19.9238,True,-0.9611
SBIN.NS,State Bank of India,Banking,2023-01-25,-4.3156,528.34,2.6006,1.3634,31.1777,True,-7.1391
BPCL.NS,Bharat Petroleum,Energy,2023-01-27,-2.9416,141.73,0.9797,1.211,15.6801,True,-2.9268
ICICIBANK.NS,ICICI Bank,Banking,2023-01-27,-4.4546,797.46,2.9698,1.3678,25.7521,True,5.7024
ADANIPORTS.NS,Adani Ports,Infrastructure,2023-01-27,-16.2939,587.57,8.9911,3.8335,0.0,True,-16.4335
ADANIENT.NS,Adani Enterprises,Conglomerate,2023-01-27,-18.5161,2757.67,6.0678,4.3509,78.9299,True,-42.5374
INDUSINDBK.NS,IndusInd Bank,Banking,2023-01-27,-3.4381,1092.16,1.4854,1.8123,44.7178,True,-1.151
BEL.NS,Bharat Electronics,Defence,2023-01-27,-4.8916,90.64,2.3032,1.4937,52.5245,True,-0.4772
SBIN.NS,State Bank of India,Banking,2023-01-27,-5.0554,501.63,3.6919,1.6492,24.5461,True,0.7871
ONGC.NS,Oil & Natural Gas Corp,Energy,2023-01-27,-3.1486,123.64,0.9427,1.3043,31.2331,True,-2.2689
TRENT.NS,Trent Limited,Retail,2023-01-27,-2.9536,1172.75,2.1538,1.528,16.491,True,5.0455
POWERGRID.NS,Power Grid Corp,Power,2023-01-30,-3.3751,137.47,1.7759,1.2292,14.6245,False,2.4546
JSWSTEEL.NS,JSW Steel,Metals,2023-01-30,-2.7241,691.46,0.949,1.7206,36.8875,False,1.3325
BEL.NS,Bharat Electronics,Defence,2023-01-30,-5.6734,85.5,4.6989,1.8958,43.8712,False,6.2395
BEL.NS,Bharat Electronics,Defence,2023-02-01,-4.2127,87.42,2.4861,2.651,47.1061,False,5.6624
HDFCLIFE.NS,HDFC Life Insurance,Insurance,2023-02-01,-10.9096,510.85,4.9825,2.6041,2.7098,False,-1.3865
SBILIFE.NS,SBI Life Insurance,Insurance,2023-02-01,-9.032,1101.19,5.6939,2.3189,8.4144,False,4.9666
ADANIENT.NS,Adani Enterprises,Conglomerate,2023-02-01,-28.197,2132.42,2.9578,7.6006,38.3613,False,1.3534
INDUSINDBK.NS,IndusInd Bank,Banking,2023-02-01,-3.7952,1019.23,1.9037,1.927,35.054,False,9.9343
ADANIPORTS.NS,Adani Ports,Infrastructure,2023-02-01,-19.179,487.37,3.4056,5.5719,0.0,False,21.0239
BAJAJFINSV.NS,Bajaj Finserv,Finance,2023-02-01,-5.5235,1266.22,1.5727,1.7453,16.0198,False,7.9319
SBIN.NS,State Bank of India,Banking,2023-02-01,-4.7245,489.92,2.6185,2.0385,21.6398,False,4.2477
HDFCLIFE.NS,HDFC Life Insurance,Insurance,2023-02-02,-4.46,488.07,3.435,2.719,0.0,False,5.2669
ADANIENT.NS,Adani Enterprises,Conglomerate,2023-02-02,-26.6982,1563.11,5.5203,9.2881,1.4214,False,23.0283
SHRIRAMFIN.NS,Shriram Finance,Finance,2023-02-02,-2.5321,239.14,0.8609,1.5048,26.5747,False,3.9976
ADANIPORTS.NS,Adani Ports,Infrastructure,2023-02-02,-6.604,455.18,5.9904,5.6458,0.0,False,25.9163
DIVISLAB.NS,Divi's Laboratories,Pharma,2023-02-02,-2.6766,3206.46,1.1732,1.4563,0.0321,False,-13.5859
EICHERMOT.NS,Eicher Motors,Auto,2023-02-02,-2.5976,3107.02,1.1286,1.4113,43.5567,False,0.617
DIVISLAB.NS,Divi's Laboratories,Pharma,2023-02-03,-11.7126,2830.9,9.0454,2.9298,0.0,False,-2.5344
DIVISLAB.NS,Divi's Laboratories,Pharma,2023-02-06,-3.6871,2726.52,3.7333,2.9967,0.0,False,-0.1728
JSWSTEEL.NS,JSW Steel,Metals,2023-02-06,-2.8421,700.68,0.525,1.5353,38.7115,False,0.9845
HINDALCO.NS,Hindalco Industries,Metals,2023-02-06,-2.6759,438.7,0.6882,1.6365,42.6618,False,-4.3925
HINDALCO.NS,Hindalco Industries,Metals,2023-02-07,-3.979,421.24,2.406,1.7804,36.9853,False,1.2222
TATASTEEL.NS,Tata Steel,Metals,2023-02-07,-5.1086,103.38,2.2007,1.7339,32.9794,False,-1.974
ITC.NS,ITC Limited,FMCG,2023-02-07,-2.6474,308.29,1.1414,1.5659,83.3816,False,3.5365
ADANIENT.NS,Adani Enterprises,Conglomerate,2023-02-09,-11.0223,1923.06,1.5475,11.5463,24.7769,False,-6.7041
ADANIPORTS.NS,Adani Ports,Infrastructure,2023-02-09,-2.8285,573.15,0.7526,6.9691,25.9163,False,-0.8758
HCLTECH.NS,HCL Technologies,IT,2023-02-10,-2.678,975.99,0.896,1.2411,30.1911,False,-0.5468
ADANIENT.NS,Adani Enterprises,Conglomerate,2023-02-10,-4.0894,1844.42,0.9201,11.5333,19.6743,False,-6.7273
SHRIRAMFIN.NS,Shriram Finance,Finance,2023-02-10,-2.7717,241.81,1.1265,1.5319,27.986,False,-3.4804
HINDALCO.NS,Hindalco Industries,Metals,2023-02-10,-2.5644,424.77,0.9714,1.7686,38.1333,False,-0.8427
SBIN.NS,State Bank of India,Banking,2023-02-13,-2.8117,499.35,0.9205,2.2153,23.981,False,-2.2977
ADANIPORTS.NS,Adani Ports,Infrastructure,2023-02-13,-5.1802,545.0,0.6269,7.0194,19.7319,False,4.6957
ADANIENT.NS,Adani Enterprises,Conglomerate,2023-02-13,-7.0007,1715.3,0.9494,11.5172,11.2962,False,-5.6007
INFY.NS,Infosys,IT,2023-02-13,-2.5551,1437.55,0.6665,1.3171,16.0482,False,1.595
NESTLEIND.NS,Nestle India,FMCG,2023-02-17,-3.0952,919.37,3.0027,1.0782,18.8903,False,-1.7896
INDUSINDBK.NS,IndusInd Bank,Banking,2023-02-17,-2.9303,1090.5,0.8256,2.1518,44.4974,False,-3.1892
ADANIENT.NS,Adani Enterprises,Conglomerate,2023-02-17,-4.1133,1720.34,0.3858,11.6195,11.6234,False,-23.6286
CIPLA.NS,Cipla,Pharma,2023-02-20,-6.02,938.18,3.6932,1.7104,8.1361,False,-1.4315
ADANIENT.NS,Adani Enterprises,Conglomerate,2023-02-20,-5.8774,1619.23,0.4749,11.6241,5.0629,False,-26.393
ADANIENT.NS,Adani Enterprises,Conglomerate,2023-02-21,-3.1052,1568.95,0.3851,11.6099,1.8004,False,-13.1914
ADANIENT.NS,Adani Enterprises,Conglomerate,2023-02-22,-10.5818,1402.93,0.7107,11.6974,0.0,True,11.35
ADANIPORTS.NS,Adani Ports,Infrastructure,2023-02-22,-6.19,538.51,0.3285,7.2075,18.3047,True,10.053
BAJFINANCE.NS,Bajaj Finance,Finance,2023-02-22,-2.8311,610.39,0.7189,2.1343,17.7392,True,-0.7066
GRASIM.NS,Grasim Industries,Cement,2023-02-22,-3.6126,1547.75,1.5338,1.1371,23.2624,True,1.2387
JSWSTEEL.NS,JSW Steel,Metals,2023-02-22,-2.7982,689.74,1.1144,1.4736,36.5461,True,-3.3217
ASIANPAINT.NS,Asian Paints,Consumer,2023-02-23,-3.2189,2624.75,1.7818,1.2773,5.025,False,4.7285
ADANIENT.NS,Adani Enterprises,Conglomerate,2023-02-24,-4.8458,1313.85,0.587,11.1718,0.0,False,42.8571
HINDALCO.NS,Hindalco Industries,Metals,2023-02-24,-4.8574,407.22,1.7609,1.8362,32.425,False,0.3974
ADANIENT.NS,Adani Enterprises,Conglomerate,2023-02-27,-9.2844,1191.87,0.7158,11.1001,0.0,False,66.1416
TATASTEEL.NS,Tata Steel,Metals,2023-02-27,-3.3258,98.42,1.1978,1.7994,26.5959,False,-0.4241
BAJAJ-AUTO.NS,Bajaj Auto,Auto,2023-02-27,-5.4572,3416.74,2.8357,1.4353,16.7532,False,2.2858
INFY.NS,Infosys,IT,2023-02-27,-2.6666,1384.22,0.9928,1.3963,11.743,False,-0.1226
CIPLA.NS,Cipla,Pharma,2023-02-28,-4.6096,882.13,3.2304,1.8258,1.6749,False,-3.216
HINDALCO.NS,Hindalco Industries,Metals,2023-02-28,-3.0597,391.48,1.8472,1.9061,27.3065,False,2.1418
ADANIENT.NS,Adani Enterprises,Conglomerate,2023-03-09,-4.2409,1950.47,0.8919,8.1095,63.6489,False,-5.5986
SBILIFE.NS,SBI Life Insurance,Insurance,2023-03-09,-2.8781,1088.58,1.2809,1.3395,7.1733,False,-2.8772
HDFCBANK.NS,HDFC Bank,Banking,2023-03-10,-2.5787,764.41,1.8014,0.9994,23.9873,True,-1.0071
ADANIENT.NS,Adani Enterprises,Conglomerate,2023-03-10,-2.9158,1893.6,0.6868,7.7345,58.8772,True,-1.0363
EICHERMOT.NS,Eicher Motors,Auto,2023-03-13,-2.654,2929.42,0.5235,1.5904,33.3008,True,-2.6835
INDUSINDBK.NS,IndusInd Bank,Banking,2023-03-13,-7.3987,1037.08,3.7026,2.3123,37.4197,True,-5.4523
BEL.NS,Bharat Electronics,Defence,2023-03-13,-2.687,89.33,0.8662,1.3552,37.3685,True,0.3249
SBIN.NS,State Bank of India,Banking,2023-03-13,-3.1698,492.38,1.0115,1.8721,21.9232,True,-2.0377
ADANIENT.NS,Adani Enterprises,Conglomerate,2023-03-14,-7.2663,1735.82,0.9357,7.6901,45.6389,False,4.9505
ADANIPORTS.NS,Adani Ports,Infrastructure,2023-03-14,-3.9196,644.22,1.1179,3.3263,41.5288,False,1.5737
TATASTEEL.NS,Tata Steel,Metals,2023-03-16,-3.3134,97.45,1.5603,1.6982,25.343,False,-0.1428
INDUSINDBK.NS,IndusInd Bank,Banking,2023-03-16,-2.5423,995.7,2.365,2.3847,31.9364,False,0.0442
JSWSTEEL.NS,JSW Steel,Metals,2023-03-16,-2.5381,652.74,1.3018,1.2028,29.2209,False,0.8152
HINDALCO.NS,Hindalco Industries,Metals,2023-03-16,-5.2197,377.5,2.5019,2.047,22.7622,False,3.5979
ADANIENT.NS,Adani Enterprises,Conglomerate,2023-03-20,-3.8155,1802.48,0.386,7.7725,51.2317,False,-4.5375
HINDALCO.NS,Hindalco Industries,Metals,2023-03-20,-2.7603,378.29,0.8935,2.2539,23.0173,False,1.0888
BAJAJFINSV.NS,Bajaj Finserv,Finance,2023-03-20,-4.3288,1243.35,2.4044,1.5058,13.925,False,-0.5059
BAJFINANCE.NS,Bajaj Finance,Finance,2023-03-20,-3.1671,546.6,2.0352,1.1398,5.4337,False,0.7611
BAJFINANCE.NS,Bajaj Finance,Finance,2023-03-24,-3.151,556.29,1.354,1.5398,7.3037,False,1.1648
ADANIENT.NS,Adani Enterprises,Conglomerate,2023-03-24,-2.9738,1738.27,0.4881,7.1356,45.8442,False,-1.3328
TRENT.NS,Trent Limited,Retail,2023-03-24,-2.6094,1306.1,0.6499,1.3276,29.7365,False,3.6144
HINDALCO.NS,Hindalco Industries,Metals,2023-03-24,-2.6078,380.89,1.1342,2.319,23.8624,False,3.6432
ADANIPORTS.NS,Adani Ports,Infrastructure,2023-03-24,-2.588,627.98,0.4033,3.199,37.9609,False,-1.5988
TATASTEEL.NS,Tata Steel,Metals,2023-03-24,-2.6692,94.71,0.7278,1.7948,21.8232,False,1.9589
BAJAJFINSV.NS,Bajaj Finserv,Finance,2023-03-24,-3.8256,1238.61,1.399,1.8119,13.4905,False,3.4095
ADANIENT.NS,Adani Enterprises,Conglomerate,2023-03-28,-7.0921,1598.66,0.6575,6.8461,34.1307,False,9.5699
HEROMOTOCO.NS,Hero MotoCorp,Auto,2023-03-28,-2.56,2036.91,1.3753,1.0101,5.7332,False,7.8662
TRENT.NS,Trent Limited,Retail,2023-03-28,-2.8078,1287.26,0.9644,1.4303,27.8648,False,5.894
ADANIPORTS.NS,Adani Ports,Infrastructure,2023-03-28,-5.6748,584.08,1.2833,3.528,28.3166,False,8.1227
BPCL.NS,Bharat Petroleum,Energy,2023-04-03,-4.1679,138.95,1.9538,1.9987,13.4115,False,2.2276
INFY.NS,Infosys,IT,2023-04-13,-2.7375,1274.07,1.5153,1.3182,2.8512,False,-11.6506
INFY.NS,Infosys,IT,2023-04-17,-9.4227,1154.02,5.468,2.456,0.0,False,-2.5431
HCLTECH.NS,HCL Technologies,IT,2023-04-17,-2.7663,911.73,3.4547,1.617,21.6198,False,1.137
POWERGRID.NS,Power Grid Corp,Power,2023-04-18,-2.6833,152.97,1.0558,1.3877,20.1761,False,1.129
DIVISLAB.NS,Divi's Laboratories,Pharma,2023-04-20,-4.1734,3143.75,1.52,2.6008,16.4404,False,1.1036
HDFCLIFE.NS,HDFC Life Insurance,Insurance,2023-04-21,-3.1966,508.47,1.3255,1.5877,11.2484,False,3.2048
HDFCLIFE.NS,HDFC Life Insurance,Insurance,2023-04-25,-3.2508,524.77,1.533,2.0826,14.8136,False,1.6895
HDFCLIFE.NS,HDFC Life Insurance,Insurance,2023-04-27,-2.5865,512.98,1.8002,2.1558,12.2345,False,4.2194
SHRIRAMFIN.NS,Shriram Finance,Finance,2023-04-28,-5.1901,252.02,4.2347,1.9292,26.9011,False,1.1481
ADANIENT.NS,Adani Enterprises,Conglomerate,2023-05-03,-4.2113,1836.48,1.6074,1.975,54.0846,False,2.8902
HDFCBANK.NS,HDFC Bank,Banking,2023-05-05,-5.9122,782.21,1.7088,1.7062,26.875,True,2.5928
HINDALCO.NS,Hindalco Industries,Metals,2023-05-05,-2.5252,425.85,0.6502,1.2409,38.4841,True,-6.7933
INDUSINDBK.NS,IndusInd Bank,Banking,2023-05-05,-5.4028,1050.0,2.3796,1.8554,39.1308,True,12.6106
DIVISLAB.NS,Divi's Laboratories,Pharma,2023-05-11,-2.8042,3267.51,1.1227,2.7511,21.0244,False,-5.2775
DRREDDY.NS,Dr. Reddy's Laboratories,Pharma,2023-05-11,-6.8888,888.44,6.2546,1.8208,17.6049,False,-2.4029
HINDALCO.NS,Hindalco Industries,Metals,2023-05-11,-3.5743,412.71,2.3462,1.5937,34.2108,False,-3.4098
LT.NS,Larsen & Toubro,Capital Goods,2023-05-11,-5.1724,2158.23,4.2816,1.5849,54.2915,False,-2.4062
HINDALCO.NS,Hindalco Industries,Metals,2023-05-12,-3.8256,396.92,2.2103,1.8143,29.0765,False,0.4941
POWERGRID.NS,Power Grid Corp,Power,2023-05-12,-2.7359,160.57,1.4279,1.3874,26.151,False,-3.3299
NTPC.NS,NTPC Limited,Power,2023-05-12,-2.5619,161.33,0.845,1.2926,34.0402,False,-0.9431
BPCL.NS,Bharat Petroleum,Energy,2023-05-12,-2.8587,152.4,1.387,1.19,24.3935,False,-0.4421
DIVISLAB.NS,Divi's Laboratories,Pharma,2023-05-18,-3.5037,3095.07,1.7511,1.6721,14.6373,False,8.9472
ADANIPORTS.NS,Adani Ports,Infrastructure,2023-05-18,-2.8703,654.5,1.1063,1.4646,43.7885,False,8.9556
ADANIENT.NS,Adani Enterprises,Conglomerate,2023-05-24,-6.0029,2472.21,3.1105,5.6829,107.4236,False,0.717
ONGC.NS,Oil & Natural Gas Corp,Energy,2023-05-29,-2.9008,136.68,3.8646,1.4497,45.0734,False,-2.2642
KOTAKBANK.NS,Kotak Mahindra Bank,Banking,2023-06-01,-4.185,384.83,0.7022,1.3904,17.5812,False,-2.2564
COALINDIA.NS,Coal India,Energy,2023-06-01,-4.5181,188.14,5.4537,1.3987,44.2706,False,-0.9768
BHARTIARTL.NS,Bharti Airtel,Telecom,2023-06-01,-2.5827,812.8,1.2332,1.3337,29.7597,False,0.9723
GRASIM.NS,Grasim Industries,Cement,2023-06-08,-3.2277,1683.24,1.1731,1.16,34.0526,False,3.5369
KOTAKBANK.NS,Kotak Mahindra Bank,Banking,2023-06-08,-2.7277,376.14,0.6486,1.5384,14.928,False,-2.8094
SUNPHARMA.NS,Sun Pharmaceutical,Pharma,2023-06-08,-2.7203,959.6,1.1625,1.2959,25.7469,False,0.1419
HEROMOTOCO.NS,Hero MotoCorp,Auto,2023-06-15,-3.0206,2574.37,1.4467,1.4267,26.3859,False,-0.6331
ADANIENT.NS,Adani Enterprises,Conglomerate,2023-06-19,-4.3114,2398.11,1.7985,3.6062,101.2065,False,-4.4058
ADANIENT.NS,Adani Enterprises,Conglomerate,2023-06-23,-6.8287,2230.49,3.1404,1.9202,87.1429,False,6.8031
BPCL.NS,Bharat Petroleum,Energy,2023-06-23,-3.6958,151.43,1.6128,1.5791,23.6029,False,4.366
BEL.NS,Bharat Electronics,Defence,2023-06-23,-2.7542,116.88,0.7691,1.4383,62.4037,False,3.082
HINDALCO.NS,Hindalco Industries,Metals,2023-06-23,-2.7497,400.6,0.8184,1.4666,30.2723,False,4.1983
ADANIPORTS.NS,Adani Ports,Infrastructure,2023-06-23,-4.198,703.08,2.5564,1.2824,54.4599,False,3.2339
EICHERMOT.NS,Eicher Motors,Auto,2023-07-04,-6.3084,3285.19,6.2624,1.7219,23.0573,False,-4.3727
HDFCBANK.NS,HDFC Bank,Banking,2023-07-05,-3.1767,814.37,1.2175,1.1074,25.934,False,-2.4114
EICHERMOT.NS,Eicher Motors,Auto,2023-07-05,-2.7059,3196.3,3.7352,1.7716,19.7275,False,-0.5469
EICHERMOT.NS,Eicher Motors,Auto,2023-07-06,-2.6452,3111.75,3.9989,1.8091,16.5605,False,1.0847
APOLLOHOSP.NS,Apollo Hospitals,Healthcare,2023-07-07,-2.5894,5103.72,1.1488,1.6343,38.3055,False,0.4965
TRENT.NS,Trent Limited,Retail,2023-07-07,-2.9328,1700.21,0.5343,1.7379,58.8518,False,-0.8926
ADANIPORTS.NS,Adani Ports,Infrastructure,2023-07-07,-2.8849,707.41,0.6791,1.8771,55.4114,False,1.0296
SHRIRAMFIN.NS,Shriram Finance,Finance,2023-07-07,-2.978,329.69,0.5397,3.2885,51.2664,False,3.7996
POWERGRID.NS,Power Grid Corp,Power,2023-07-07,-2.7598,169.67,1.1254,1.8286,33.3,False,-6.0286
HCLTECH.NS,HCL Technologies,IT,2023-07-10,-2.8594,1000.54,2.0245,1.3372,33.4664,False,2.6012
TITAN.NS,Titan Company,Consumer,2023-07-10,-3.1314,3016.73,1.6928,1.1619,56.3937,False,-0.0746
POWERGRID.NS,Power Grid Corp,Power,2023-07-13,-3.5509,161.47,2.3487,2.0254,26.8555,False,0.4731
HCLTECH.NS,HCL Technologies,IT,2023-07-21,-3.4911,1001.05,1.6283,1.5451,33.5345,True,-1.0668
TCS.NS,Tata Consultancy Services,IT,2023-07-21,-2.743,3087.02,1.683,1.7015,16.9837,True,-0.383
RELIANCE.NS,Reliance Industries,Energy,2023-07-21,-3.0956,1255.61,1.6243,1.5251,24.9537,True,-0.4293
INFY.NS,Infosys,IT,2023-07-21,-8.1338,1237.66,4.5446,2.5825,10.3072,True,0.6684
HINDUNILVR.NS,Hindustan Unilever,FMCG,2023-07-21,-3.6715,2484.78,3.4557,1.2629,9.1088,True,-0.745
WIPRO.NS,Wipro,IT,2023-07-21,-3.1007,189.28,1.8229,1.2893,13.6159,True,-1.4702
ITC.NS,ITC Limited,FMCG,2023-07-24,-3.8944,404.59,3.5142,1.4345,66.2713,False,-1.1987
KOTAKBANK.NS,Kotak Mahindra Bank,Banking,2023-07-24,-3.7027,378.29,1.5762,1.2408,15.1069,False,-2.1452
ASIANPAINT.NS,Asian Paints,Consumer,2023-07-25,-4.0438,3320.33,3.0116,1.2128,26.5147,False,-1.6895
TATACONSUM.NS,Tata Consumer Products,FMCG,2023-07-27,-2.7291,830.99,2.0726,1.2473,24.9783,False,-1.7234
APOLLOHOSP.NS,Apollo Hospitals,Healthcare,2023-07-31,-3.2448,5130.7,1.5942,1.6489,28.7097,False,-3.0744
APOLLOHOSP.NS,Apollo Hospitals,Healthcare,2023-08-01,-2.7264,4990.81,2.208,1.7564,25.2006,False,-0.1798
HEROMOTOCO.NS,Hero MotoCorp,Auto,2023-08-01,-3.1713,2840.54,3.1096,1.4781,39.4534,False,-1.1347
TRENT.NS,Trent Limited,Retail,2023-08-01,-2.8171,1704.95,0.8092,1.291,45.3805,False,0.3572
POWERGRID.NS,Power Grid Corp,Power,2023-08-01,-5.3561,167.25,1.6952,2.2562,31.3953,False,-2.2173
BEL.NS,Bharat Electronics,Defence,2023-08-02,-3.9096,122.04,1.3076,1.6098,42.7399,True,5.0658
NTPC.NS,NTPC Limited,Power,2023-08-02,-2.6871,202.04,1.1992,1.8802,53.0645,True,-0.1826
BAJAJFINSV.NS,Bajaj Finserv,Finance,2023-08-02,-2.8842,1525.29,1.3095,1.1483,24.9074,True,-0.6811
HEROMOTOCO.NS,Hero MotoCorp,Auto,2023-08-02,-3.5025,2741.05,2.8051,1.3703,34.5691,True,2.2132
TATASTEEL.NS,Tata Steel,Metals,2023-08-02,-3.4497,113.94,1.4028,1.5328,29.0255,True,1.0509
TITAN.NS,Titan Company,Consumer,2023-08-03,-2.5209,2883.96,2.8781,1.1545,26.1428,False,2.9789
SBIN.NS,State Bank of India,Banking,2023-08-04,-2.9128,542.96,2.7907,1.3732,15.6507,False,0.1483
BRITANNIA.NS,Britannia Industries,FMCG,2023-08-07,-2.8915,4540.38,2.8044,1.2512,31.9372,False,-3.4369
ADANIENT.NS,Adani Enterprises,Conglomerate,2023-08-08,-2.9778,2472.36,2.1276,1.2774,107.436,False,-1.1901
DIVISLAB.NS,Divi's Laboratories,Pharma,2023-08-09,-2.826,3668.44,1.606,1.5542,35.8744,False,-1.4298
ASIANPAINT.NS,Asian Paints,Consumer,2023-08-10,-2.795,3161.66,1.4936,1.2836,20.4687,False,-2.2962
JSWSTEEL.NS,JSW Steel,Metals,2023-08-14,-2.5833,791.11,0.6486,1.5766,30.2218,False,-0.5316
ADANIENT.NS,Adani Enterprises,Conglomerate,2023-08-14,-3.2881,2453.82,2.4066,1.4798,105.881,False,9.8555
ADANIENT.NS,Adani Enterprises,Conglomerate,2023-08-23,-6.2175,2528.06,0.8659,2.3419,112.1094,False,-0.6798
ADANIPORTS.NS,Adani Ports,Infrastructure,2023-08-23,-3.3704,818.19,0.5719,1.949,79.7493,False,-0.8478
TRENT.NS,Trent Limited,Retail,2023-08-25,-2.6606,2010.88,0.7973,2.0254,71.4666,False,2.4379
ADANIENT.NS,Adani Enterprises,Conglomerate,2023-08-31,-3.7344,2417.11,0.9258,2.4894,102.8003,False,3.7305
ADANIPORTS.NS,Adani Ports,Infrastructure,2023-08-31,-3.2368,785.0,1.099,2.067,72.4566,False,2.2343
BPCL.NS,Bharat Petroleum,Energy,2023-08-31,-3.2391,145.01,1.9971,1.1689,17.8669,False,4.1257
BEL.NS,Bharat Electronics,Defence,2023-09-12,-7.2909,131.21,2.7943,2.2749,53.4621,False,2.0499
ADANIENT.NS,Adani Enterprises,Conglomerate,2023-09-12,-3.0306,2533.45,0.8303,2.4446,112.5621,False,-2.5792
ADANIPORTS.NS,Adani Ports,Infrastructure,2023-09-12,-2.6857,850.94,0.7701,2.5606,86.9441,False,-4.7395
NTPC.NS,NTPC Limited,Power,2023-09-12,-3.2908,219.83,1.328,1.7271,54.871,False,2.8286
POWERGRID.NS,Power Grid Corp,Power,2023-09-12,-3.5665,172.73,2.1979,1.78,35.6996,False,6.9785
BPCL.NS,Bharat Petroleum,Energy,2023-09-12,-4.2199,148.35,2.194,1.6055,20.5838,False,1.1912
COALINDIA.NS,Coal India,Energy,2023-09-12,-2.9396,225.02,1.2584,2.2747,42.5383,False,5.0046
JSWSTEEL.NS,JSW Steel,Metals,2023-09-20,-2.7263,778.54,1.4274,1.2823,28.1531,True,-0.9088
HDFCBANK.NS,HDFC Bank,Banking,2023-09-20,-4.0116,761.03,2.3076,1.2529,14.4162,True,-2.3566
CIPLA.NS,Cipla,Pharma,2023-09-21,-2.6861,1183.61,1.2284,1.0215,41.0314,False,-3.5104
ICICIBANK.NS,ICICI Bank,Banking,2023-09-21,-2.8213,943.83,1.1264,0.8857,18.3549,False,-1.7409
DRREDDY.NS,Dr. Reddy's Laboratories,Pharma,2023-09-22,-2.6718,1090.0,1.0882,1.2441,35.6426,False,1.2679
SHRIRAMFIN.NS,Shriram Finance,Finance,2023-09-26,-3.1328,361.53,1.0067,1.5461,65.8773,False,-1.8041
DIVISLAB.NS,Divi's Laboratories,Pharma,2023-09-28,-2.7335,3626.13,0.8824,1.1254,34.3073,False,1.5498
ASIANPAINT.NS,Asian Paints,Consumer,2023-09-28,-3.9812,3095.7,2.3025,1.1856,17.9555,False,0.8012
EICHERMOT.NS,Eicher Motors,Auto,2023-10-03,-2.772,3272.24,2.0514,1.2447,18.7909,False,3.2031
ONGC.NS,Oil & Natural Gas Corp,Energy,2023-10-03,-3.779,159.14,1.8744,1.3856,62.8215,False,-0.5959
HINDALCO.NS,Hindalco Industries,Metals,2023-10-03,-2.5779,473.74,0.7119,2.0362,33.911,False,0.1458
SBIN.NS,State Bank of India,Banking,2023-10-04,-2.7697,555.22,1.5671,1.1972,18.263,False,0.3582
AXISBANK.NS,Axis Bank,Banking,2023-10-04,-4.3706,993.93,2.2507,1.3484,39.0977,False,2.3655
NTPC.NS,NTPC Limited,Power,2023-10-04,-2.5083,219.88,1.4683,1.6696,54.9039,False,1.5097
SHRIRAMFIN.NS,Shriram Finance,Finance,2023-10-04,-3.7124,355.01,0.976,1.7657,62.2441,False,2.5937
HEROMOTOCO.NS,Hero MotoCorp,Auto,2023-10-09,-2.7288,2705.94,2.0509,1.6341,32.845,False,6.9676
ADANIPORTS.NS,Adani Ports,Infrastructure,2023-10-09,-4.8992,782.87,1.1678,2.2563,71.9886,False,1.9746
BAJFINANCE.NS,Bajaj Finance,Finance,2023-10-18,-2.7981,777.93,1.5868,1.7784,42.7418,False,-5.6537
WIPRO.NS,Wipro,IT,2023-10-19,-2.982,184.88,2.5348,1.3591,10.977,False,-3.276
ITC.NS,ITC Limited,FMCG,2023-10-20,-2.6865,376.22,1.578,1.07,39.4213,False,-1.791
ADANIPORTS.NS,Adani Ports,Infrastructure,2023-10-23,-2.7972,764.44,0.6555,1.6254,67.9395,True,1.724
HINDALCO.NS,Hindalco Industries,Metals,2023-10-23,-3.1902,450.79,0.5579,1.8861,19.4134,True,0.6131
JSWSTEEL.NS,JSW Steel,Metals,2023-10-23,-2.6579,741.13,0.9909,1.255,20.9074,True,-1.6824
TATASTEEL.NS,Tata Steel,Metals,2023-10-23,-2.5183,114.95,1.1218,1.2512,23.8547,True,-1.0417
ADANIENT.NS,Adani Enterprises,Conglomerate,2023-10-23,-3.5551,2306.6,1.0058,1.5501,93.5289,True,-0.6064
SHRIRAMFIN.NS,Shriram Finance,Finance,2023-10-25,-3.3963,348.4,1.0988,1.8449,55.4948,False,4.7408
JSWSTEEL.NS,JSW Steel,Metals,2023-10-26,-2.6193,721.09,1.4189,1.3486,17.6383,True,0.6381
ASIANPAINT.NS,Asian Paints,Consumer,2023-10-26,-3.2834,2890.59,1.9507,1.2117,10.1404,True,-0.1655
BAJAJFINSV.NS,Bajaj Finserv,Finance,2023-10-26,-3.1928,1558.26,1.1378,1.8062,27.6068,True,1.0
NESTLEIND.NS,Nestle India,FMCG,2023-10-26,-2.9556,1143.74,1.4398,1.5496,31.5124,True,2.9997
TITAN.NS,Titan Company,Consumer,2023-10-26,-2.7307,3081.41,1.4113,1.2918,34.7795,True,3.2476
BAJFINANCE.NS,Bajaj Finance,Finance,2023-10-26,-3.5435,733.94,1.4261,1.6575,34.6717,True,0.3678
ADANIENT.NS,Adani Enterprises,Conglomerate,2023-11-01,-3.3709,2215.34,1.1337,1.8789,85.8713,False,1.9235
BAJAJFINSV.NS,Bajaj Finserv,Finance,2023-11-03,-2.5038,1534.43,1.5134,1.785,25.6559,False,3.8961
SBIN.NS,State Bank of India,Banking,2023-11-17,-3.6945,533.25,2.7366,1.3223,13.583,False,-0.4795
ONGC.NS,Oil & Natural Gas Corp,Energy,2023-11-17,-2.7007,169.27,1.3501,1.4437,52.4155,False,-0.9408
AXISBANK.NS,Axis Bank,Banking,2023-11-17,-3.1178,992.73,1.8371,1.511,20.7894,False,1.423
ADANIENT.NS,Adani Enterprises,Conglomerate,2023-11-20,-2.6689,2147.94,1.2123,1.6867,80.2171,False,12.7288
CIPLA.NS,Cipla,Pharma,2023-11-23,-7.9316,1148.54,4.8171,2.0518,36.8521,False,2.9941
ADANIENT.NS,Adani Enterprises,Conglomerate,2023-12-06,-2.5479,2881.39,4.5817,4.6754,141.7551,False,-0.3086
DRREDDY.NS,Dr. Reddy's Laboratories,Pharma,2023-12-11,-5.0383,1081.4,4.1975,1.4133,31.3108,False,2.1476
SHRIRAMFIN.NS,Shriram Finance,Finance,2023-12-12,-2.5329,386.6,1.5118,1.6924,70.3054,False,3.2227
ADANIENT.NS,Adani Enterprises,Conglomerate,2023-12-20,-5.3515,2781.38,0.6106,4.8591,133.3639,True,0.9357
SBIN.NS,State Bank of India,Banking,2023-12-20,-2.8914,602.77,1.3516,1.5199,28.3898,True,2.349
APOLLOHOSP.NS,Apollo Hospitals,Healthcare,2023-12-20,-2.7594,5367.43,0.8962,1.3579,28.8317,True,6.6325
NTPC.NS,NTPC Limited,Power,2023-12-20,-3.8753,281.01,1.4177,1.9086,91.8355,True,5.4594
POWERGRID.NS,Power Grid Corp,Power,2023-12-20,-2.7403,209.08,0.8552,1.7449,54.8307,True,5.2608
TATASTEEL.NS,Tata Steel,Metals,2023-12-20,-4.1728,124.29,1.1824,1.4193,31.229,True,6.474
HCLTECH.NS,HCL Technologies,IT,2023-12-20,-3.2487,1304.63,1.4898,1.8545,46.1477,True,2.257
SHRIRAMFIN.NS,Shriram Finance,Finance,2023-12-20,-2.9521,387.27,1.512,2.1821,70.6042,True,2.3465
BEL.NS,Bharat Electronics,Defence,2023-12-20,-3.3516,163.59,0.9968,1.901,91.3271,True,9.2377
EICHERMOT.NS,Eicher Motors,Auto,2023-12-20,-3.15,3819.99,0.6975,2.2072,38.6756,True,4.588
COALINDIA.NS,Coal India,Energy,2023-12-20,-4.0332,306.09,1.7594,1.8893,80.1636,True,8.1783
GRASIM.NS,Grasim Industries,Cement,2023-12-20,-2.5823,2040.09,1.081,1.0437,33.8118,True,3.7024
HINDALCO.NS,Hindalco Industries,Metals,2023-12-20,-2.9477,541.11,1.1884,1.2491,43.338,True,12.0576
HDFCLIFE.NS,HDFC Life Insurance,Insurance,2023-12-20,-3.2956,640.15,0.9945,1.7308,40.0572,True,0.621
ADANIPORTS.NS,Adani Ports,Infrastructure,2023-12-20,-5.7588,1002.95,0.7346,4.1363,120.3383,True,0.4742
DIVISLAB.NS,Divi's Laboratories,Pharma,2023-12-20,-2.7901,3581.61,0.9176,1.0535,32.6582,True,8.8384
